<?xml version="1.0" encoding="UTF-8"?><?xml-stylesheet href="http://www.accessdata.fda.gov/spl/stylesheet/spl.xsl" type="text/xsl"?>
<document xmlns="urn:hl7-org:v3" xmlns:xsi="http://www.w3.org/2001/XMLSchema-instance" xsi:schemaLocation="urn:hl7-org:v3 http://www.accessdata.fda.gov/spl/schema/spl.xsd">
   <id root="ee836999-06d6-4bfe-a37f-19e0846ed5ec"/>
   <code code="34391-3" codeSystem="2.16.840.1.113883.6.1" displayName="HUMAN PRESCRIPTION DRUG LABEL"/>
   <effectiveTime value="20131211"/>
   <setId root="297143e7-c61b-4fe7-af44-80e0bca43161"/>
   <versionNumber value="3"/>
   <author>
      <time/>
      <assignedEntity>
         <representedOrganization>
            <id root="1.3.6.1.4.1.519.1" extension="078654194"/>
            <name>Mycone Dental Supply Co., Inc DBA Keystone Industries and Deepak Products Inc</name>
            <assignedEntity>
               <assignedOrganization>
                  <assignedEntity>
                     <assignedOrganization>
                        <id root="1.3.6.1.4.1.519.1" extension="078654194"/>
                        <name>Mycone Dental Supply Co., Inc DBA Keystone Industries and Deepak Products Inc</name>
                     </assignedOrganization>
                     <performance>
                        <actDefinition>
                           <code code="C43360" displayName="manufacture" codeSystem="2.16.840.1.113883.3.26.1.1"/>
                           <product>
                              <manufacturedProduct classCode="MANU">
                                 <manufacturedMaterialKind>
                                    <code code="68400-328" codeSystem="2.16.840.1.113883.6.69"/>
                                 </manufacturedMaterialKind>
                              </manufacturedProduct>
                           </product>
                        </actDefinition>
                     </performance>
                     <performance>
                        <actDefinition>
                           <code code="C84732" displayName="label" codeSystem="2.16.840.1.113883.3.26.1.1"/>
                           <product>
                              <manufacturedProduct classCode="MANU">
                                 <manufacturedMaterialKind>
                                    <code code="68400-328" codeSystem="2.16.840.1.113883.6.69"/>
                                 </manufacturedMaterialKind>
                              </manufacturedProduct>
                           </product>
                        </actDefinition>
                     </performance>
                  </assignedEntity>
               </assignedOrganization>
            </assignedEntity>
         </representedOrganization>
      </assignedEntity>
   </author>
   <component>
      <structuredBody>
         <component>
            <section>
               <id root="eb6a3982-01c5-4082-a363-54ea6733a162"/>
               <code code="48780-1" codeSystem="2.16.840.1.113883.6.1" displayName="SPL product data elements section"/>
               <title/>
               <text/>
               <effectiveTime value="20131226"/>
               <subject>
                  <manufacturedProduct>
                     <manufacturedProduct>
                        <code code="68400-328" codeSystem="2.16.840.1.113883.6.69"/>
                        <name>Sorbet Rinse</name>
                        <formCode code="C60891" codeSystem="2.16.840.1.113883.3.26.1.1" displayName="CONCENTRATE"/>
                        <asEntityWithGeneric>
                           <genericMedicine>
                              <name>Sodium Fluoride</name>
                           </genericMedicine>
                        </asEntityWithGeneric>
                        <ingredient classCode="ACTIM">
                           <quantity>
                              <numerator value="1702.5" unit="mg"/>
                              <denominator value="113.5" unit="mL"/>
                           </quantity>
                           <ingredientSubstance>
                              <code code="8ZYQ1474W7" codeSystem="2.16.840.1.113883.4.9"/>
                              <name>SODIUM FLUORIDE</name>
                              <activeMoiety>
                                 <activeMoiety>
                                    <code code="Q80VPU408O" codeSystem="2.16.840.1.113883.4.9"/>
                                    <name>FLUORIDE ION</name>
                                 </activeMoiety>
                              </activeMoiety>
                           </ingredientSubstance>
                        </ingredient>
                        <ingredient classCode="IACT">
                           <ingredientSubstance>
                              <code code="BYR0546TOW" codeSystem="2.16.840.1.113883.4.9"/>
                              <name>DMDM HYDANTOIN</name>
                           </ingredientSubstance>
                        </ingredient>
                        <ingredient classCode="IACT">
                           <ingredientSubstance>
                              <code code="7T1F30V5YH" codeSystem="2.16.840.1.113883.4.9"/>
                              <name>POLYSORBATE 20</name>
                           </ingredientSubstance>
                        </ingredient>
                        <ingredient classCode="IACT">
                           <ingredientSubstance>
                              <code code="SB8ZUX40TY" codeSystem="2.16.840.1.113883.4.9"/>
                              <name>SACCHARIN SODIUM</name>
                           </ingredientSubstance>
                        </ingredient>
                        <ingredient classCode="IACT">
                           <ingredientSubstance>
                              <code code="059QF0KO0R" codeSystem="2.16.840.1.113883.4.9"/>
                              <name>WATER</name>
                           </ingredientSubstance>
                        </ingredient>
                        <ingredient classCode="IACT">
                           <ingredientSubstance>
                              <code code="H3R47K3TBD" codeSystem="2.16.840.1.113883.4.9"/>
                              <name>FD&amp;C BLUE NO. 1</name>
                           </ingredientSubstance>
                        </ingredient>
                        <asContent>
                           <quantity>
                              <numerator value="113.5" unit="mL"/>
                              <denominator value="1" unit="1"/>
                           </quantity>
                           <containerPackagedProduct>
                              <code code="68400-328-40" codeSystem="2.16.840.1.113883.6.69"/>
                              <formCode code="C43173" displayName="BOTTLE, PLASTIC" codeSystem="2.16.840.1.113883.3.26.1.1"/>
                           </containerPackagedProduct>
                        </asContent>
                     </manufacturedProduct>
                     <subjectOf>
                        <marketingAct>
                           <code code="C53292" codeSystem="2.16.840.1.113883.3.26.1.1"/>
                           <statusCode code="active"/>
                           <effectiveTime>
                              <low value="20130510"/>
                           </effectiveTime>
                        </marketingAct>
                     </subjectOf>
                     <subjectOf>
                        <approval>
                           <code code="C73590" codeSystem="2.16.840.1.113883.3.26.1.1" displayName="export only"/>
                           <author>
                              <territorialAuthority>
                                 <territory>
                                    <code code="USA" codeSystem="2.16.840.1.113883.5.28"/>
                                 </territory>
                              </territorialAuthority>
                           </author>
                        </approval>
                     </subjectOf>
                     <subjectOf>
                        <characteristic>
                           <code code="SPLCOLOR" codeSystem="2.16.840.1.113883.1.11.19255"/>
                           <value code="C48333" codeSystem="2.16.840.1.113883.3.26.1.1" displayName="blue" xsi:type="CE"/>
                        </characteristic>
                     </subjectOf>
                     <subjectOf>
                        <characteristic>
                           <code code="SPLFLAVOR" codeSystem="2.16.840.1.113883.1.11.19255"/>
                           <value code="C73408" codeSystem="2.16.840.1.113883.3.26.1.1" displayName="PEPPERMINT" xsi:type="CE"/>
                        </characteristic>
                     </subjectOf>
                     <consumedIn>
                        <substanceAdministration>
                           <routeCode code="C38197" codeSystem="2.16.840.1.113883.3.26.1.1" displayName="DENTAL"/>
                        </substanceAdministration>
                     </consumedIn>
                  </manufacturedProduct>
               </subject>
            </section>
         </component>
         <component>
            <section ID="L68507b98-b1de-46f6-b24b-3212dc6655b6">
               <id root="67b7fb34-d2fd-4c4c-9cb9-ac29081f7bbf"/>
               <code code="42229-5" codeSystem="2.16.840.1.113883.6.1" displayName="SPL UNCLASSIFIED SECTION"/>
               <title>Active Ingredient (before dilution):</title>
               <text>
                  <paragraph>Fluoride Ion 1.5%</paragraph>
                  <paragraph>Available from 3.3% Sodium fluoride</paragraph>
               </text>
               <effectiveTime value="20130820"/>
            </section>
         </component>
         <component>
            <section ID="L77f742f4-2a59-4d52-bad5-aa51b82658c8">
               <id root="e1d26a14-93e4-4d23-96da-eae72cd8506d"/>
               <code code="42229-5" codeSystem="2.16.840.1.113883.6.1" displayName="SPL UNCLASSIFIED SECTION"/>
               <title>Purpose:</title>
               <text>
                  <paragraph>Anticaries Treatment</paragraph>
               </text>
               <effectiveTime value="20130820"/>
            </section>
         </component>
         <component>
            <section ID="L692e95bc-8002-4abc-bef3-306e4ee3a6f1">
               <id root="60d3bc77-e481-4fdb-aced-4aa4836e4415"/>
               <code code="34067-9" codeSystem="2.16.840.1.113883.6.1" displayName="INDICATIONS &amp; USAGE SECTION"/>
               <title>Indications and Usage:</title>
               <text>
                  <list listType="unordered">
                     <item>To be used under the direction of or as prescribed by a dental professional. </item>
                     <item>This is a prescription fluoride rinse used to help prevent dental decay.</item>
                  </list>
               </text>
               <effectiveTime value="20130820"/>
            </section>
         </component>
         <component>
            <section ID="L145aa0e1-36ee-4c0d-a3b6-e97efa1a4e4d">
               <id root="1e6ed2ad-a3ad-4dfa-afb1-9bdd5282404f"/>
               <code code="34071-1" codeSystem="2.16.840.1.113883.6.1" displayName="WARNINGS SECTION"/>
               <title>Warnings:</title>
               <text>
                  <list listType="unordered">
                     <item>Do not use before diluting with water.</item>
                     <item>Keep out of reach of children. Children under 6 years of age; consult a dentist or doctor prior to use.</item>
                     <item>Do not swallow. If product is accidentally swallowed in quantities greater than would normally occur with a rinse, seek medical help or contact a Poison Control Center right away. </item>
                  </list>
               </text>
               <effectiveTime value="20130820"/>
            </section>
         </component>
         <component>
            <section ID="L7fc4c150-6fd5-411f-9649-172c3daf07bb">
               <id root="958988de-aae9-4de4-9c6b-86c799df63d1"/>
               <code code="59845-8" codeSystem="2.16.840.1.113883.6.1" displayName="INSTRUCTIONS FOR USE SECTION"/>
               <title>Dilution Instructions:</title>
               <text>
                  <paragraph>Use only after properly diluting according to one of the following formulas. Mix with distilled water only.</paragraph>
                  <paragraph>A. For 0.2% fluoride ion, neutral pH mouth rinse (weekly treatment):</paragraph>
                  <paragraph>Pour entire contents of concentrate bottle (4oz or 113.5mL) into clean mixing quart bottle. Add 28oz (286mL) of distilled water and blend. </paragraph>
                  <paragraph>B. For 0.5% fluoride ion, neutral pH mouth rinse (for use as prescribed):</paragraph>
                  <paragraph>Pour entire contents of concentrate bottle (4oz or 113.5mL) into clean mixing bottle. Add 8oz (227mL) of distilled water and blend.  </paragraph>
               </text>
               <effectiveTime value="20130820"/>
            </section>
         </component>
         <component>
            <section ID="Laa398d72-50ae-4bce-b3cc-7e10f2a6810f">
               <id root="f104aaee-d7e7-4bfc-8108-cd57993d4ae4"/>
               <code code="34068-7" codeSystem="2.16.840.1.113883.6.1" displayName="DOSAGE &amp; ADMINISTRATION SECTION"/>
               <title>Dosage and Administration:</title>
               <text>
                  <paragraph>1. At bedtime, brush and floss teeth thoroughly.</paragraph>
                  <paragraph>2. Pour out one tablespoon (1/3oz or 10mL) of the diluted solution.</paragraph>
                  <paragraph>3. Place in mouth and rinse for 60 seconds and expectorate (spit out). </paragraph>
                  <paragraph>4. Do not eat or drink for 30 minutes.</paragraph>
               </text>
               <effectiveTime value="20130820"/>
            </section>
         </component>
         <component>
            <section ID="Le651e6c3-d21a-4165-b44a-4ed0c7e4d47f">
               <id root="8ad6b202-0342-4268-a7e0-6b721c15971a"/>
               <code code="44425-7" codeSystem="2.16.840.1.113883.6.1" displayName="STORAGE AND HANDLING SECTION"/>
               <title>Other Information:</title>
               <text>
                  <paragraph>Store at controlled room temperature 59-86°F (15-30°C). Protect from freezing.</paragraph>
               </text>
               <effectiveTime value="20130820"/>
            </section>
         </component>
         <component>
            <section ID="Lbdb823b3-a879-4b65-bae3-08378a443f71">
               <id root="13d7a65b-9e9b-4aef-95b0-de3462f3a8fd"/>
               <code code="51727-6" codeSystem="2.16.840.1.113883.6.1" displayName="INACTIVE INGREDIENT SECTION"/>
               <title>Inactive Ingredients:</title>
               <text>
                  <paragraph>DMDM Hydantoin, FD&amp;C Blue #1, Flavoring, Polysorbate 20, Saccharin and Water.</paragraph>
               </text>
               <effectiveTime value="20130820"/>
            </section>
         </component>
         <component>
            <section ID="L31707c91-9144-4c72-bcfa-4978f3059c64">
               <id root="4218a54a-96c1-47a7-909e-1d2f75a9baef"/>
               <code code="51945-4" codeSystem="2.16.840.1.113883.6.1" displayName="PACKAGE LABEL.PRINCIPAL DISPLAY PANEL"/>
               <text>
                  <paragraph>
                     <renderMultiMedia referencedObject="L23bbdbac-9994-4081-9890-8b6dbc1e2e07"/>
                  </paragraph>
               </text>
               <effectiveTime value="20130820"/>
               <component>
                  <observationMedia ID="L23bbdbac-9994-4081-9890-8b6dbc1e2e07">
                     <text>SorbetRinseMint</text>
                     <value mediaType="image/jpeg" xsi:type="ED">
                        <reference value="Sorbet Rinse Peppermint 4oz LBL.jpg"/>
                     </value>
                  </observationMedia>
               </component>
            </section>
         </component>
      </structuredBody>
   </component>
</document>