<?xml version="1.0" encoding="UTF-8"?><?xml-stylesheet href="http://www.accessdata.fda.gov/spl/stylesheet/spl.xsl" type="text/xsl"?>
<document xmlns="urn:hl7-org:v3" xmlns:xsi="http://www.w3.org/2001/XMLSchema-instance" xsi:schemaLocation="urn:hl7-org:v3 http://www.accessdata.fda.gov/spl/schema/spl.xsd">
   <id root="5bef17ad-5c23-4d0b-992d-8f25d9b97adf"/>
   <code code="34390-5" displayName="HUMAN OTC DRUG LABEL" codeSystem="2.16.840.1.113883.6.1"/>
   <title>Miconazole 3<br/>3 Day Treatment<br/>Vaginal Suppositories plus Cream for External Relief</title>
   <effectiveTime value="20131231"/>
   <setId root="d01f7ef9-4f04-4874-a625-0335f6392b73"/>
   <versionNumber value="3"/>
   <author>
      <time/>
      <assignedEntity>
         <representedOrganization>
            <id extension="101668460" root="1.3.6.1.4.1.519.1"/>
            <name>Premier Value</name>
            <assignedEntity>
               <assignedOrganization>
                  <assignedEntity>
                     <assignedOrganization>
                        <id extension="809515898" root="1.3.6.1.4.1.519.1"/>
                        <name>Actavis Mid Atlantic LLC</name>
                     </assignedOrganization>
                     <performance>
                        <actDefinition>
                           <code code="C25391" displayName="ANALYSIS" codeSystem="2.16.840.1.113883.3.26.1.1"/>
                           <product>
                              <manufacturedProduct classCode="MANU">
                                 <manufacturedMaterialKind>
                                    <code code="68016-731" codeSystem="2.16.840.1.113883.6.69"/>
                                 </manufacturedMaterialKind>
                              </manufacturedProduct>
                           </product>
                        </actDefinition>
                     </performance>
                     <performance>
                        <actDefinition>
                           <code code="C84732" displayName="LABEL" codeSystem="2.16.840.1.113883.3.26.1.1"/>
                           <product>
                              <manufacturedProduct classCode="MANU">
                                 <manufacturedMaterialKind>
                                    <code code="68016-731" codeSystem="2.16.840.1.113883.6.69"/>
                                 </manufacturedMaterialKind>
                              </manufacturedProduct>
                           </product>
                        </actDefinition>
                     </performance>
                     <performance>
                        <actDefinition>
                           <code code="C43360" displayName="MANUFACTURE" codeSystem="2.16.840.1.113883.3.26.1.1"/>
                           <product>
                              <manufacturedProduct classCode="MANU">
                                 <manufacturedMaterialKind>
                                    <code code="68016-731" codeSystem="2.16.840.1.113883.6.69"/>
                                 </manufacturedMaterialKind>
                              </manufacturedProduct>
                           </product>
                        </actDefinition>
                     </performance>
                     <performance>
                        <actDefinition>
                           <code code="C84731" displayName="PACK" codeSystem="2.16.840.1.113883.3.26.1.1"/>
                           <product>
                              <manufacturedProduct classCode="MANU">
                                 <manufacturedMaterialKind>
                                    <code code="68016-731" codeSystem="2.16.840.1.113883.6.69"/>
                                 </manufacturedMaterialKind>
                              </manufacturedProduct>
                           </product>
                        </actDefinition>
                     </performance>
                  </assignedEntity>
               </assignedOrganization>
            </assignedEntity>
         </representedOrganization>
      </assignedEntity>
   </author>
   <component>
      <structuredBody>
         <component>
            <section>
               <id root="6e39fc59-345f-43a2-b231-223a84d1e3d7"/>
               <code code="48780-1" displayName="SPL LISTING DATA ELEMENTS SECTION" codeSystem="2.16.840.1.113883.6.1"/>
               <effectiveTime value="20131231"/>
               <subject>
                  <manufacturedProduct>
                     <manufacturedProduct>
                        <code code="68016-731" codeSystem="2.16.840.1.113883.6.69"/>
                        <name>Miconazole 3 Combination Pack</name>
                        <formCode code="C47916" displayName="KIT" codeSystem="2.16.840.1.113883.3.26.1.1"/>
                        <asEntityWithGeneric>
                           <genericMedicine>
                              <name>Miconazole Nitrate</name>
                           </genericMedicine>
                        </asEntityWithGeneric>
                        <asContent>
                           <quantity>
                              <numerator unit="1" value="1">
                                 <translation code="C48504" value="1" displayName="KIT" codeSystem="2.16.840.1.113883.3.26.1.1"/>
                              </numerator>
                              <denominator value="1"/>
                           </quantity>
                           <containerPackagedProduct>
                              <code code="68016-731-04" codeSystem="2.16.840.1.113883.6.69"/>
                              <formCode code="C43198" displayName="PACKAGE, COMBINATION" codeSystem="2.16.840.1.113883.3.26.1.1"/>
                           </containerPackagedProduct>
                        </asContent>
                        <part>
                           <quantity>
                              <numerator unit="1" value="3"/>
                              <denominator value="1"/>
                           </quantity>
                           <partProduct>
                              <name>Miconazole 3</name>
                              <formCode code="C42993" displayName="SUPPOSITORY" codeSystem="2.16.840.1.113883.3.26.1.1"/>
                              <asEntityWithGeneric>
                                 <genericMedicine>
                                    <name>Miconazole Nitrate</name>
                                 </genericMedicine>
                              </asEntityWithGeneric>
                              <ingredient classCode="ACTIB">
                                 <quantity>
                                    <numerator unit="mg" value="200"/>
                                    <denominator unit="1" value="1"/>
                                 </quantity>
                                 <ingredientSubstance>
                                    <code code="VW4H1CYW1K" codeSystem="2.16.840.1.113883.4.9"/>
                                    <name>MICONAZOLE NITRATE</name>
                                    <activeMoiety>
                                       <activeMoiety>
                                          <code code="7NNO0D7S5M" codeSystem="2.16.840.1.113883.4.9"/>
                                          <name>MICONAZOLE</name>
                                       </activeMoiety>
                                    </activeMoiety>
                                 </ingredientSubstance>
                              </ingredient>
                              <ingredient classCode="IACT">
                                 <ingredientSubstance>
                                    <code code="FM8D1RE2VP" codeSystem="2.16.840.1.113883.4.9"/>
                                    <name>HYDROGENATED PALM KERNEL OIL</name>
                                 </ingredientSubstance>
                              </ingredient>
                              <asContent>
                                 <quantity>
                                    <numerator unit="1" value="3">
                                       <translation code="C48539" value="3" displayName="SUPPOSITORY" codeSystem="2.16.840.1.113883.3.26.1.1"/>
                                    </numerator>
                                    <denominator value="1"/>
                                 </quantity>
                                 <containerPackagedProduct>
                                    <code/>
                                    <formCode code="C43168" displayName="BLISTER PACK" codeSystem="2.16.840.1.113883.3.26.1.1"/>
                                 </containerPackagedProduct>
                              </asContent>
                           </partProduct>
                           <subjectOf>
                              <approval>
                                 <id extension="ANDA074926" root="2.16.840.1.113883.3.150"/>
                                 <code code="C73584" displayName="ANDA" codeSystem="2.16.840.1.113883.3.26.1.1"/>
                                 <author>
                                    <territorialAuthority>
                                       <territory>
                                          <code code="USA" codeSystem="2.16.840.1.113883.5.28"/>
                                       </territory>
                                    </territorialAuthority>
                                 </author>
                              </approval>
                           </subjectOf>
                           <consumedIn>
                              <substanceAdministration>
                                 <routeCode code="C38313" displayName="VAGINAL" codeSystem="2.16.840.1.113883.3.26.1.1"/>
                              </substanceAdministration>
                           </consumedIn>
                        </part>
                        <part>
                           <quantity>
                              <numerator unit="g" value="9"/>
                              <denominator value="1"/>
                           </quantity>
                           <partProduct>
                              <name>Miconazole 3</name>
                              <formCode code="C28944" displayName="CREAM" codeSystem="2.16.840.1.113883.3.26.1.1"/>
                              <asEntityWithGeneric>
                                 <genericMedicine>
                                    <name>Miconazole Nitrate</name>
                                 </genericMedicine>
                              </asEntityWithGeneric>
                              <ingredient classCode="ACTIB">
                                 <quantity>
                                    <numerator unit="mg" value="10"/>
                                    <denominator unit="g" value="0.5"/>
                                 </quantity>
                                 <ingredientSubstance>
                                    <code code="VW4H1CYW1K" codeSystem="2.16.840.1.113883.4.9"/>
                                    <name>MICONAZOLE NITRATE</name>
                                    <activeMoiety>
                                       <activeMoiety>
                                          <code code="7NNO0D7S5M" codeSystem="2.16.840.1.113883.4.9"/>
                                          <name>MICONAZOLE</name>
                                       </activeMoiety>
                                    </activeMoiety>
                                 </ingredientSubstance>
                              </ingredient>
                              <ingredient classCode="IACT">
                                 <ingredientSubstance>
                                    <code code="8SKN0B0MIM" codeSystem="2.16.840.1.113883.4.9"/>
                                    <name>BENZOIC ACID</name>
                                 </ingredientSubstance>
                              </ingredient>
                              <ingredient classCode="IACT">
                                 <ingredientSubstance>
                                    <code code="REK4960K2U" codeSystem="2.16.840.1.113883.4.9"/>
                                    <name>BUTYLATED HYDROXYANISOLE</name>
                                 </ingredientSubstance>
                              </ingredient>
                              <ingredient classCode="IACT">
                                 <ingredientSubstance>
                                    <code code="T5L8T28FGP" codeSystem="2.16.840.1.113883.4.9"/>
                                    <name>MINERAL OIL</name>
                                 </ingredientSubstance>
                              </ingredient>
                              <ingredient classCode="IACT">
                                 <ingredientSubstance>
                                    <code code="0240V77G50" codeSystem="2.16.840.1.113883.4.9"/>
                                    <name>PEG-5 OLEATE</name>
                                 </ingredientSubstance>
                              </ingredient>
                              <ingredient classCode="IACT">
                                 <ingredientSubstance>
                                    <code code="3EW5AXE5X5" codeSystem="2.16.840.1.113883.4.9"/>
                                    <name>PEGOXOL 7 STEARATE</name>
                                 </ingredientSubstance>
                              </ingredient>
                              <ingredient classCode="IACT">
                                 <ingredientSubstance>
                                    <code code="059QF0KO0R" codeSystem="2.16.840.1.113883.4.9"/>
                                    <name>WATER</name>
                                 </ingredientSubstance>
                              </ingredient>
                              <asContent>
                                 <quantity>
                                    <numerator unit="g" value="9"/>
                                    <denominator value="1"/>
                                 </quantity>
                                 <containerPackagedProduct>
                                    <code/>
                                    <formCode code="C42794" displayName="TUBE" codeSystem="2.16.840.1.113883.3.26.1.1"/>
                                 </containerPackagedProduct>
                              </asContent>
                           </partProduct>
                           <subjectOf>
                              <approval>
                                 <id extension="ANDA074926" root="2.16.840.1.113883.3.150"/>
                                 <code code="C73584" displayName="ANDA" codeSystem="2.16.840.1.113883.3.26.1.1"/>
                                 <author>
                                    <territorialAuthority>
                                       <territory>
                                          <code code="USA" codeSystem="2.16.840.1.113883.5.28"/>
                                       </territory>
                                    </territorialAuthority>
                                 </author>
                              </approval>
                           </subjectOf>
                           <consumedIn>
                              <substanceAdministration>
                                 <routeCode code="C38313" displayName="VAGINAL" codeSystem="2.16.840.1.113883.3.26.1.1"/>
                              </substanceAdministration>
                           </consumedIn>
                        </part>
                     </manufacturedProduct>
                     <subjectOf>
                        <approval>
                           <id extension="ANDA074926" root="2.16.840.1.113883.3.150"/>
                           <code code="C73584" displayName="ANDA" codeSystem="2.16.840.1.113883.3.26.1.1"/>
                           <author>
                              <territorialAuthority>
                                 <territory>
                                    <code code="USA" codeSystem="2.16.840.1.113883.5.28"/>
                                 </territory>
                              </territorialAuthority>
                           </author>
                        </approval>
                     </subjectOf>
                     <subjectOf>
                        <marketingAct>
                           <code code="C53292" codeSystem="2.16.840.1.113883.3.26.1.1"/>
                           <statusCode code="active"/>
                           <effectiveTime>
                              <low value="20030911"/>
                           </effectiveTime>
                        </marketingAct>
                     </subjectOf>
                  </manufacturedProduct>
               </subject>
            </section>
         </component>
         <component>
            <section ID="LINK_249a02fd-2292-4c81-aba7-3bc6c48fb3c4">
               <id root="249a02fd-2292-4c81-aba7-3bc6c48fb3c4"/>
               <code code="42229-5" codeSystem="2.16.840.1.113883.6.1" displayName="SPL UNCLASSIFIED SECTION"/>
               <title/>
               <text>
                  <paragraph>
                     <content styleCode="bold">
                        <content styleCode="italics">DRUG FACTS</content>
                     </content>
                  </paragraph>
               </text>
               <effectiveTime value="20131219"/>
            </section>
         </component>
         <component>
            <section ID="LINK_a878220c-4cac-4f36-9d83-a6f406773bf1">
               <id root="a878220c-4cac-4f36-9d83-a6f406773bf1"/>
               <code code="55106-9" codeSystem="2.16.840.1.113883.6.1" displayName="OTC - ACTIVE INGREDIENT SECTION"/>
               <title>
                  <content styleCode="bold">Active ingredients</content>
               </title>
               <text>
                  <paragraph>Miconazole nitrate (200 mg in each suppository)<br/>Miconazole nitrate 2% (external cream)</paragraph>
               </text>
               <effectiveTime value="20131219"/>
            </section>
         </component>
         <component>
            <section ID="LINK_e22afb57-e36f-4ce0-96d8-2243d06e94e9">
               <id root="e22afb57-e36f-4ce0-96d8-2243d06e94e9"/>
               <code code="55105-1" codeSystem="2.16.840.1.113883.6.1" displayName="OTC - PURPOSE SECTION"/>
               <title>
                  <content styleCode="bold">Purpose</content>
               </title>
               <text>
                  <paragraph>Vaginal antifungal            </paragraph>
               </text>
               <effectiveTime value="20131219"/>
            </section>
         </component>
         <component>
            <section ID="LINK_6e37d35f-6705-4034-8b35-c4fb827d6383">
               <id root="6e37d35f-6705-4034-8b35-c4fb827d6383"/>
               <code code="34067-9" codeSystem="2.16.840.1.113883.6.1" displayName="INDICATIONS &amp; USAGE SECTION"/>
               <title>
                  <content styleCode="bold">Uses</content>
               </title>
               <text>
                  <list listType="unordered" styleCode="Disk">
                     <item>treats vaginal yeast infections
</item>
                     <item>relieves external itching and irritation due to a vaginal yeast infection</item>
                  </list>
               </text>
               <effectiveTime value="20131219"/>
            </section>
         </component>
         <component>
            <section ID="LINK_a0f3a6b2-2334-4465-975c-5af5d86fe3d3">
               <id root="a0f3a6b2-2334-4465-975c-5af5d86fe3d3"/>
               <code code="34071-1" codeSystem="2.16.840.1.113883.6.1" displayName="WARNINGS SECTION"/>
               <title>
                  <content styleCode="bold">Warnings</content>
               </title>
               <text>
                  <paragraph>
                     <content styleCode="bold">For vaginal use only</content>
                  </paragraph>
               </text>
               <effectiveTime value="20131219"/>
               <component>
                  <section ID="LINK_ff4df40d-7a0b-47ea-8f24-41aadf38b364">
                     <id root="ff4df40d-7a0b-47ea-8f24-41aadf38b364"/>
                     <code code="50570-1" codeSystem="2.16.840.1.113883.6.1" displayName="OTC - DO NOT USE SECTION"/>
                     <title/>
                     <text>
                        <paragraph>
                           <content styleCode="bold">Do not use if you have never had a vaginal yeast infection diagnosed by a doctor </content>
                        </paragraph>
                     </text>
                     <effectiveTime value="20131219"/>
                  </section>
               </component>
               <component>
                  <section ID="LINK_8526c673-d529-4d57-8927-00125c3a1992">
                     <id root="8526c673-d529-4d57-8927-00125c3a1992"/>
                     <code code="50569-3" codeSystem="2.16.840.1.113883.6.1" displayName="OTC - ASK DOCTOR SECTION"/>
                     <title>
                        <content styleCode="bold">Ask a doctor before use if you have</content>
                     </title>
                     <text>
                        <list listType="unordered" styleCode="Disk">
                           <item>vaginal itching and discomfort for the first time</item>
                           <item>lower abdominal, back or shoulder pain, fever, chills, nausea, vomiting, or foul-smelling vaginal discharge. You may have a more serious condition.</item>
                           <item>vaginal yeast infections often (such as once a month or 3 in 6 months). You could be pregnant or have a serious underlying medical cause for your symptoms, including diabetes or a weakened immune system.</item>
                           <item>been exposed to the human immunodeficiency virus (HIV) that causes AIDS</item>
                        </list>
                     </text>
                     <effectiveTime value="20131219"/>
                  </section>
               </component>
               <component>
                  <section ID="LINK_ae6b53b3-8cbe-4a44-85cb-fff56f6c8f0d">
                     <id root="ae6b53b3-8cbe-4a44-85cb-fff56f6c8f0d"/>
                     <code code="50568-5" codeSystem="2.16.840.1.113883.6.1" displayName="OTC - ASK DOCTOR/PHARMACIST SECTION"/>
                     <title/>
                     <text>
                        <paragraph>
                           <content styleCode="bold">Ask a doctor or pharmacist before use if you are</content> taking the prescription blood thinning medicine warfarin, because bleeding or bruising may occur</paragraph>
                     </text>
                     <effectiveTime value="20131219"/>
                  </section>
               </component>
               <component>
                  <section ID="LINK_fc86f6c9-65af-4fd6-9a2c-662d9fd4ee83">
                     <id root="fc86f6c9-65af-4fd6-9a2c-662d9fd4ee83"/>
                     <code code="50567-7" codeSystem="2.16.840.1.113883.6.1" displayName="OTC - WHEN USING SECTION"/>
                     <title>
                        <content styleCode="bold">When using this product</content>
                     </title>
                     <text>
                        <list listType="unordered" styleCode="Disk">
                           <item>do not use tampons, douches, spermicides or other vaginal products. Condoms and diaphragms may be damaged and fail to prevent pregnancy or sexually transmitted diseases (STDs).</item>
                           <item>do not have vaginal intercourse</item>
                           <item>mild increase in vaginal burning, itching or irritation may occur</item>
                        </list>
                     </text>
                     <effectiveTime value="20131219"/>
                  </section>
               </component>
               <component>
                  <section ID="LINK_9ac6beeb-2a66-4f8f-850a-f6b8e03072ce">
                     <id root="9ac6beeb-2a66-4f8f-850a-f6b8e03072ce"/>
                     <code code="50566-9" codeSystem="2.16.840.1.113883.6.1" displayName="OTC - STOP USE SECTION"/>
                     <title>
                        <content styleCode="bold">Stop use and ask a doctor if</content>
                     </title>
                     <text>
                        <list listType="unordered" styleCode="Disk">
                           <item>symptoms do not get better in 3 days</item>
                           <item>symptoms last more than 7 days</item>
                           <item>you get a rash or hives, abdominal pain, fever, chills, nausea, vomiting, or foul-smelling vaginal discharge</item>
                        </list>
                     </text>
                     <effectiveTime value="20131219"/>
                  </section>
               </component>
               <component>
                  <section ID="LINK_936adafd-2f7e-4d9b-b691-3dd7a4b9625e">
                     <id root="936adafd-2f7e-4d9b-b691-3dd7a4b9625e"/>
                     <code code="53414-9" codeSystem="2.16.840.1.113883.6.1" displayName="OTC - PREGNANCY OR BREAST FEEDING SECTION"/>
                     <title/>
                     <text>
                        <paragraph>
                           <content styleCode="bold">If pregnant or breast-feeding,</content> ask a health professional before use.</paragraph>
                     </text>
                     <effectiveTime value="20091218"/>
                  </section>
               </component>
               <component>
                  <section ID="LINK_04994a55-8047-4efd-97ba-84072e1a3f29">
                     <id root="04994a55-8047-4efd-97ba-84072e1a3f29"/>
                     <code code="50565-1" codeSystem="2.16.840.1.113883.6.1" displayName="OTC - KEEP OUT OF REACH OF CHILDREN SECTION"/>
                     <title/>
                     <text>
                        <paragraph>
                           <content styleCode="bold">Keep out of reach of children.</content> If swallowed, get medical help or contact a Poison Control Center right away.</paragraph>
                     </text>
                     <effectiveTime value="20091218"/>
                  </section>
               </component>
            </section>
         </component>
         <component>
            <section ID="LINK_fc9af867-5a96-49b0-819d-4bce1d6bb18b">
               <id root="fc9af867-5a96-49b0-819d-4bce1d6bb18b"/>
               <code code="34068-7" codeSystem="2.16.840.1.113883.6.1" displayName="DOSAGE &amp; ADMINISTRATION SECTION"/>
               <title>
                  <content styleCode="bold">Directions</content>
               </title>
               <text>
                  <list listType="unordered" styleCode="Disk">
                     <item>before using this product read the enclosed consumer information leaflet for complete directions and information
</item>
                     <item>
                        <content styleCode="bold">adults and children 12 years of age and over: </content>
                     </item>
                  </list>
                  <paragraph>
                     <content styleCode="bold">                • suppositories:</content> insert 1 suppository into the vagina at bedtime for 3 nights in a row.  Throw applicator away after use.<br/>
                     <content styleCode="bold">                • external cream: </content>use cap to puncture seal.  Squeeze a small amount of cream onto your fingertip. Gently apply the cream onto the itchy, irritated skin outside the vagina. Use 2 times daily for up to 7 days, as needed</paragraph>
                  <list listType="unordered" styleCode="Disk">
                     <item>
                        <content styleCode="bold">children under 12 years of age:  ask a doctor </content>
                     </item>
                  </list>
               </text>
               <effectiveTime value="20131219"/>
            </section>
         </component>
         <component>
            <section ID="LINK_ca039abc-58f6-4076-a816-e68d9551cb32">
               <id root="ca039abc-58f6-4076-a816-e68d9551cb32"/>
               <code code="44425-7" codeSystem="2.16.840.1.113883.6.1" displayName="STORAGE AND HANDLING SECTION"/>
               <title>
                  <content styleCode="bold">Other information</content>
               </title>
               <text>
                  <list listType="unordered" styleCode="Disk">
                     <item>do not use if suppository wrapper is missing or damaged (each suppository is individually wrapped)
</item>
                     <item>do not use if seal over tube opening has been punctured or is not visible
</item>
                     <item>do not purchase if carton is open
</item>
                     <item>store at room temperature 15°- 30°C (59°- 86°F). Avoid heat (over 30°C- 86°F)</item>
                  </list>
               </text>
               <effectiveTime value="20131219"/>
            </section>
         </component>
         <component>
            <section ID="LINK_54f84b96-c1de-4542-800e-b926eb912998">
               <id root="54f84b96-c1de-4542-800e-b926eb912998"/>
               <code code="51727-6" codeSystem="2.16.840.1.113883.6.1" displayName="INACTIVE INGREDIENT SECTION"/>
               <title>
                  <content styleCode="bold">Inactive ingredients</content>
               </title>
               <text>
                  <list listType="unordered" styleCode="Disk">
                     <item>suppository: hydrogenated vegetable oil</item>
                     <item>external cream: benzoic acid, BHA, mineral oil, peglicol 5 oleate, pegoxol 7 stearate, purified water</item>
                  </list>
               </text>
               <effectiveTime value="20131219"/>
            </section>
         </component>
         <component>
            <section ID="LINK_fa31a298-611c-4407-bd5a-5cb3bca4ca23">
               <id root="e56564ab-c862-4d96-b57b-fe6ca2224801"/>
               <code code="53413-1" codeSystem="2.16.840.1.113883.6.1" displayName="OTC - QUESTIONS SECTION"/>
               <title>
                  <content styleCode="bold">Questions?</content>
               </title>
               <text>
                  <paragraph>1-800-432-8534 (select option #2) between 9 am and 4 pm EST, Monday- Friday.</paragraph>
               </text>
               <effectiveTime value="20131227"/>
            </section>
         </component>
         <component>
            <section ID="LINK_7ce66a28-06de-45dc-a0ad-f9f2df219f6c">
               <id root="e47ca513-caec-4bc9-a621-ae0a0dee98b9"/>
               <code code="51945-4" codeSystem="2.16.840.1.113883.6.1" displayName="PACKAGE LABEL.PRINCIPAL DISPLAY PANEL"/>
               <title>
                  <content styleCode="bold">PRINCIPAL DISPLAY PANEL</content>
               </title>
               <text>
                  <paragraph>Premier Value®<br/>Compare to the<br/>active ingredient <br/>in Monistat® 3*</paragraph>
                  <paragraph>Combination Pack<br/>Miconazole 3<br/>Miconazole Nitrate Vaginal Suppositories USP, 200 mg<br/>and Miconazole Nitrate External Vulvar Cream ,2%<br/>Vaginal Antifungal<br/>Cures most vaginal yeast infections<br/>Relieves external vulvar itching &amp; irritation associated with a yeast infection</paragraph>
                  <paragraph>3 Miconazole Nitrate Vaginal Suppositories USP, 200 mg with<br/>3 Disposable Applicators plus<br/>1 Tube of Miconazole Nitrate External Vulvar Cream-<br/>Net Wt 0.32 oz (9g)</paragraph>
                  <renderMultiMedia referencedObject="MM1"/>
               </text>
               <effectiveTime value="20131227"/>
               <component>
                  <observationMedia ID="MM1">
                     <text>premier value-miconazole carton1</text>
                     <value xsi:type="ED" mediaType="image/jpeg">
                        <reference value="miconazole-3-combination-pack-1.jpg"/>
                     </value>
                  </observationMedia>
               </component>
            </section>
         </component>
      </structuredBody>
   </component>
</document>