<?xml version="1.0" encoding="UTF-8"?><?xml-stylesheet href="http://www.accessdata.fda.gov/spl/stylesheet/spl.xsl" type="text/xsl"?>
<document xmlns="urn:hl7-org:v3" xmlns:xsi="http://www.w3.org/2001/XMLSchema-instance" xsi:schemaLocation="urn:hl7-org:v3 http://www.accessdata.fda.gov/spl/schema/spl.xsd">
   <id root="bb554c41-2c1b-4e91-8436-3b63e3aefdb6"/>
   <code code="34390-5" codeSystem="2.16.840.1.113883.6.1" displayName="HUMAN OTC DRUG LABEL"/>
   <title>Kroger Co. Flu &amp; Severe Cold &amp; Cough Drug Facts</title>
   <effectiveTime value="20131218"/>
   <setId root="863c4b87-1f8e-4fa6-b230-9360233b1060"/>
   <versionNumber value="4"/>
   <author>
      <time/>
      <assignedEntity>
         <representedOrganization>
            <id extension="006999528" root="1.3.6.1.4.1.519.1"/>
            <name>Kroger Company</name>
         </representedOrganization>
      </assignedEntity>
   </author>
   <component>
      <structuredBody>
         <component>
            <section>
               <id root="2be730c5-35f3-4479-b315-1117eb9f34e1"/>
               <code code="48780-1" codeSystem="2.16.840.1.113883.6.1" displayName="SPL product data elements section"/>
               <effectiveTime value="20121030"/>
               <subject>
                  <manufacturedProduct>
                     <manufacturedProduct>
                        <code code="30142-964" codeSystem="2.16.840.1.113883.6.69"/>
                        <name>flu and severe cold and cough<suffix>nighttime</suffix>
                        </name>
                        <formCode code="C42973" codeSystem="2.16.840.1.113883.3.26.1.1" displayName="POWDER, FOR SOLUTION"/>
                        <asEntityWithGeneric>
                           <genericMedicine>
                              <name>Acetaminophen, Diphenhydramine hydrochloride, Phenylephrine hydrochloride</name>
                           </genericMedicine>
                        </asEntityWithGeneric>
                        <ingredient classCode="ACTIB">
                           <quantity>
                              <numerator unit="mg" value="650"/>
                              <denominator unit="1" value="1"/>
                           </quantity>
                           <ingredientSubstance>
                              <code code="362O9ITL9D" codeSystem="2.16.840.1.113883.4.9"/>
                              <name>ACETAMINOPHEN</name>
                              <activeMoiety>
                                 <activeMoiety>
                                    <code code="362O9ITL9D" codeSystem="2.16.840.1.113883.4.9"/>
                                    <name>ACETAMINOPHEN</name>
                                 </activeMoiety>
                              </activeMoiety>
                           </ingredientSubstance>
                        </ingredient>
                        <ingredient classCode="ACTIB">
                           <quantity>
                              <numerator unit="mg" value="25"/>
                              <denominator unit="1" value="1"/>
                           </quantity>
                           <ingredientSubstance>
                              <code code="TC2D6JAD40" codeSystem="2.16.840.1.113883.4.9"/>
                              <name>DIPHENHYDRAMINE HYDROCHLORIDE</name>
                              <activeMoiety>
                                 <activeMoiety>
                                    <code code="8GTS82S83M" codeSystem="2.16.840.1.113883.4.9"/>
                                    <name>DIPHENHYDRAMINE</name>
                                 </activeMoiety>
                              </activeMoiety>
                           </ingredientSubstance>
                        </ingredient>
                        <ingredient classCode="ACTIB">
                           <quantity>
                              <numerator unit="mg" value="10"/>
                              <denominator unit="1" value="1"/>
                           </quantity>
                           <ingredientSubstance>
                              <code code="04JA59TNSJ" codeSystem="2.16.840.1.113883.4.9"/>
                              <name>PHENYLEPHRINE HYDROCHLORIDE</name>
                              <activeMoiety>
                                 <activeMoiety>
                                    <code code="1WS297W6MV" codeSystem="2.16.840.1.113883.4.9"/>
                                    <name>PHENYLEPHRINE</name>
                                 </activeMoiety>
                              </activeMoiety>
                           </ingredientSubstance>
                        </ingredient>
                        <ingredient classCode="IACT">
                           <ingredientSubstance>
                              <code code="23OV73Q5G9" codeSystem="2.16.840.1.113883.4.9"/>
                              <name>ACESULFAME POTASSIUM</name>
                           </ingredientSubstance>
                        </ingredient>
                        <ingredient classCode="IACT">
                           <ingredientSubstance>
                              <code code="XF417D3PSL" codeSystem="2.16.840.1.113883.4.9"/>
                              <name>ANHYDROUS CITRIC ACID</name>
                           </ingredientSubstance>
                        </ingredient>
                        <ingredient classCode="IACT">
                           <ingredientSubstance>
                              <code code="Z0H242BBR1" codeSystem="2.16.840.1.113883.4.9"/>
                              <name>ASPARTAME</name>
                           </ingredientSubstance>
                        </ingredient>
                        <ingredient classCode="IACT">
                           <ingredientSubstance>
                              <code code="ETJ7Z6XBU4" codeSystem="2.16.840.1.113883.4.9"/>
                              <name>SILICON DIOXIDE</name>
                           </ingredientSubstance>
                        </ingredient>
                        <ingredient classCode="IACT">
                           <ingredientSubstance>
                              <code code="35SW5USQ3G" codeSystem="2.16.840.1.113883.4.9"/>
                              <name>D&amp;C YELLOW NO. 10</name>
                           </ingredientSubstance>
                        </ingredient>
                        <ingredient classCode="IACT">
                           <ingredientSubstance>
                              <code code="H3R47K3TBD" codeSystem="2.16.840.1.113883.4.9"/>
                              <name>FD&amp;C BLUE NO. 1</name>
                           </ingredientSubstance>
                        </ingredient>
                        <ingredient classCode="IACT">
                           <ingredientSubstance>
                              <code code="WZB9127XOA" codeSystem="2.16.840.1.113883.4.9"/>
                              <name>FD&amp;C RED NO. 40</name>
                           </ingredientSubstance>
                        </ingredient>
                        <ingredient classCode="IACT">
                           <ingredientSubstance>
                              <code code="7CVR7L4A2D" codeSystem="2.16.840.1.113883.4.9"/>
                              <name>MALTODEXTRIN</name>
                           </ingredientSubstance>
                        </ingredient>
                        <ingredient classCode="IACT">
                           <ingredientSubstance>
                              <code code="1Q73Q2JULR" codeSystem="2.16.840.1.113883.4.9"/>
                              <name>SODIUM CITRATE</name>
                           </ingredientSubstance>
                        </ingredient>
                        <ingredient classCode="IACT">
                           <ingredientSubstance>
                              <code code="C151H8M554" codeSystem="2.16.840.1.113883.4.9"/>
                              <name>SUCROSE</name>
                           </ingredientSubstance>
                        </ingredient>
                        <ingredient classCode="IACT">
                           <ingredientSubstance>
                              <code code="91D9GV0Z28" codeSystem="2.16.840.1.113883.4.9"/>
                              <name>TRIBASIC CALCIUM PHOSPHATE</name>
                           </ingredientSubstance>
                        </ingredient>
                        <asContent>
                           <quantity>
                              <numerator unit="1" value="6"/>
                              <denominator value="1"/>
                           </quantity>
                           <containerPackagedProduct>
                              <code code="30142-964-91" codeSystem="2.16.840.1.113883.6.69"/>
                              <formCode code="C43182" codeSystem="2.16.840.1.113883.3.26.1.1" displayName="CARTON"/>
                           </containerPackagedProduct>
                        </asContent>
                     </manufacturedProduct>
                     <subjectOf>
                        <approval>
                           <id extension="part341" root="2.16.840.1.113883.3.149"/>
                           <code code="C73603" codeSystem="2.16.840.1.113883.3.26.1.1" displayName="OTC monograph final"/>
                           <author>
                              <territorialAuthority>
                                 <territory>
                                    <code code="USA" codeSystem="2.16.840.1.113883.5.28"/>
                                 </territory>
                              </territorialAuthority>
                           </author>
                        </approval>
                     </subjectOf>
                     <subjectOf>
                        <marketingAct>
                           <code code="C53292" codeSystem="2.16.840.1.113883.3.26.1.1"/>
                           <statusCode code="active"/>
                           <effectiveTime>
                              <low value="20100902"/>
                           </effectiveTime>
                        </marketingAct>
                     </subjectOf>
                     <consumedIn>
                        <substanceAdministration>
                           <routeCode code="C38288" codeSystem="2.16.840.1.113883.3.26.1.1" displayName="ORAL"/>
                        </substanceAdministration>
                     </consumedIn>
                  </manufacturedProduct>
               </subject>
            </section>
         </component>
         <component>
            <section ID="i4i_OTC_Active_Ingredient_id_df9cedd2-eed6-4843-bf0c-dd42685efa55">
               <id root="a8c08a26-927e-443d-a23f-cfd161e23d84"/>
               <code code="55106-9" codeSystem="2.16.840.1.113883.6.1" displayName="OTC - ACTIVE INGREDIENT SECTION"/>
               <title>Active ingredients (in each packet)</title>
               <text>
                  <paragraph>Acetaminophen 650 mg  </paragraph>
                  <paragraph>Diphenhydramine hydrochloride 25 mg </paragraph>
                  <paragraph>Phenylephrine hydrochloride 10 mg </paragraph>
               </text>
               <effectiveTime value="20121030"/>
            </section>
         </component>
         <component>
            <section ID="i4i_OTC_Purpose_id_756f0f3f-8a77-4a07-aaa6-71c2bb546631">
               <id root="965556bc-0b00-436e-ae46-17306642e008"/>
               <code code="55105-1" codeSystem="2.16.840.1.113883.6.1" displayName="OTC - PURPOSE SECTION"/>
               <title>Purposes</title>
               <text>
                  <paragraph>Pain reliever/fever reducer</paragraph>
                  <paragraph>Antihistamine/cough suppressant</paragraph>
                  <paragraph>Nasal decongestant</paragraph>
               </text>
               <effectiveTime value="20131218"/>
            </section>
         </component>
         <component>
            <section ID="i4i_indications_id_af8cb421-8a4b-4b23-9000-25f94ccfce68">
               <id root="a869b45a-eda0-42b5-a5b0-243e5c9d1a82"/>
               <code code="34067-9" codeSystem="2.16.840.1.113883.6.1" displayName="INDICATIONS &amp; USAGE SECTION"/>
               <title>Uses</title>
               <text>
                  <list listType="unordered">
                     <item>
                        <caption>•</caption>temporarily relieves these symptoms due to a cold:</item>
                     <item>
                        <caption>•</caption>minor aches and pains</item>
                     <item>
                        <caption>•</caption>minor sore throat pain</item>
                     <item>
                        <caption>•</caption>headache</item>
                     <item>
                        <caption>•</caption>nasal and sinus congestion</item>
                     <item>
                        <caption>•</caption>runny nose</item>
                     <item>
                        <caption>•</caption>sneezing</item>
                     <item>
                        <caption>•</caption>itchy nose or throat</item>
                     <item>
                        <caption>•</caption>itchy, watery eyes due to hay fever</item>
                     <item>
                        <caption>•</caption>cough due to minor throat and bronchial irritation</item>
                     <item>
                        <caption>•</caption>temporarily reduces fever</item>
                  </list>
               </text>
               <effectiveTime value="20121030"/>
            </section>
         </component>
         <component>
            <section ID="i4i_warnings_id_61cc4d7d-73c7-4b8c-a017-16ddc767dc8c">
               <id root="5eecee8f-8d0d-46d9-a17d-9cad943c0c45"/>
               <code code="34071-1" codeSystem="2.16.840.1.113883.6.1" displayName="WARNINGS SECTION"/>
               <title>Warnings</title>
               <text>
                  <paragraph>Liver warning: This product contains acetaminophen. The maximum daily dose of this product is 5 packets (3,250 mg acetaminophen) in 24 hours. Severe liver damage may occur if you take</paragraph>
                  <list listType="unordered">
                     <item>
                        <caption>•</caption>more than 4,000 mg of acetaminophen in 24 hours</item>
                     <item>
                        <caption>•</caption>with other drugs containing acetaminophen</item>
                     <item>
                        <caption>•</caption>3 or more alcoholic drinks every day while using this product</item>
                  </list>
                  <paragraph>Sore throat warning: If sore throat is severe, persists for more than 2 days, is accompanied or followed by fever, headache, rash, nausea, or vomiting, consult a doctor promptly.</paragraph>
               </text>
               <effectiveTime value="20131218"/>
               <component>
                  <section ID="i4i_OTC_Do_not_use_id_86595920-9bdf-431e-98e4-cf26cdc77cda">
                     <id root="de8ed49f-c6ea-4459-9387-4a824d35ae28"/>
                     <code code="50570-1" codeSystem="2.16.840.1.113883.6.1" displayName="OTC - DO NOT USE SECTION"/>
                     <title>Do not use</title>
                     <text>
                        <list listType="unordered">
                           <item>
                              <caption>•</caption>if you have ever had an allergic reaction to this product or any of its ingredients</item>
                           <item>
                              <caption>•</caption>with any other drug containing acetaminophen (prescription or nonprescription). If you are not sure whether a drug contains acetaminophen, ask a doctor or pharmacist.</item>
                           <item>
                              <caption>•</caption>with any other product containing diphenhydramine, even one used on skin</item>
                           <item>
                              <caption>•</caption>if you are now taking a prescription monoamine oxidase inhibitor (MAOI) (certain drugs for depression, psychiatric, or emotional conditions, or Parkinson’s disease), or for 2 weeks after stopping the MAOI drug.  If you do not know if your prescription drug contains an MAOI, ask a doctor or pharmacist before taking this product.</item>
                           <item>
                              <caption>•</caption>to make a child sleepy</item>
                        </list>
                     </text>
                     <effectiveTime value="20121030"/>
                  </section>
               </component>
               <component>
                  <section ID="i4i_OTC_Ask_Doctor_id_aca7dc86-51e3-4612-a8fc-164edc23de89">
                     <id root="22a0f0ff-96c9-4278-84c8-64ee5e900696"/>
                     <code code="50569-3" codeSystem="2.16.840.1.113883.6.1" displayName="OTC - ASK DOCTOR SECTION"/>
                     <title>Ask a doctor before use if you have </title>
                     <text>
                        <list listType="unordered">
                           <item>
                              <caption>•</caption>liver disease</item>
                           <item>
                              <caption>•</caption>heart disease</item>
                           <item>
                              <caption>•</caption>high blood pressure</item>
                           <item>
                              <caption>•</caption>thyroid disease </item>
                           <item>
                              <caption>•</caption>diabetes</item>
                           <item>
                              <caption>•</caption>glaucoma</item>
                           <item>
                              <caption>•</caption>trouble urinating due to an enlarged prostate gland  </item>
                           <item>
                              <caption>•</caption>a breathing problem such as emphysema or chronic bronchitis</item>
                           <item>
                              <caption>•</caption>cough that occurs with too much phlegm (mucus)</item>
                           <item>
                              <caption>•</caption>cough that lasts or is chronic such as occurs with smoking, asthma, or emphysema </item>
                        </list>
                     </text>
                     <effectiveTime value="20121030"/>
                  </section>
               </component>
               <component>
                  <section ID="i4i_OTC_Ask_Doctor_Pharmacist_id_02a052d9-339a-4323-83b5-51026d957bef">
                     <id root="ea1fa584-ce9f-4210-90e4-1270dbfc4a43"/>
                     <code code="50568-5" codeSystem="2.16.840.1.113883.6.1" displayName="OTC - ASK DOCTOR/PHARMACIST SECTION"/>
                     <title>Ask a doctor or pharmacist before use if you are </title>
                     <text>
                        <list listType="unordered">
                           <item>
                              <caption>•</caption>taking sedatives or tranquilizers </item>
                           <item>
                              <caption>•</caption>taking the blood thinning drug warfarin</item>
                        </list>
                     </text>
                     <effectiveTime value="20121030"/>
                  </section>
               </component>
               <component>
                  <section ID="i4i_OTC_When_Using_id_cd777134-0462-4fa8-ab1e-f084ffc15628">
                     <id root="37c99952-228e-488d-b667-f2f6a94007c5"/>
                     <code code="50567-7" codeSystem="2.16.840.1.113883.6.1" displayName="OTC - WHEN USING SECTION"/>
                     <title>When using this product </title>
                     <text>
                        <list listType="unordered">
                           <item>
                              <caption>•</caption>do not exceed recommended dosage</item>
                           <item>
                              <caption>•</caption>avoid alcoholic drinks </item>
                           <item>
                              <caption>•</caption>marked drowsiness may occur </item>
                           <item>
                              <caption>•</caption>alcohol, sedatives, and tranquilizers may increase drowsiness</item>
                           <item>
                              <caption>•</caption>be careful when driving a motor vehicle or operating machinery</item>
                           <item>
                              <caption>•</caption>excitability may occur, especially in children</item>
                        </list>
                     </text>
                     <effectiveTime value="20121030"/>
                  </section>
               </component>
               <component>
                  <section ID="i4i_OTC_Stop_Use_id_1cc1c058-430e-4dba-9a83-4a97702ceb18">
                     <id root="c8f6dc4d-2328-4f45-9842-8f3340fdee76"/>
                     <code code="50566-9" codeSystem="2.16.840.1.113883.6.1" displayName="OTC - STOP USE SECTION"/>
                     <title>Stop use and ask a doctor if </title>
                     <text>
                        <list listType="unordered">
                           <item>
                              <caption>•</caption>nervousness, dizziness, or sleeplessness occurs</item>
                           <item>
                              <caption>•</caption>fever gets worse or lasts more than 3 days </item>
                           <item>
                              <caption>•</caption>redness or swelling is present</item>
                           <item>
                              <caption>•</caption>new symptoms occur </item>
                           <item>
                              <caption>•</caption>pain, cough or nasal congestion gets worse or lasts more than 7 days</item>
                           <item>
                              <caption>•</caption>cough comes back or occurs with fever, rash or headache that lasts.</item>
                        </list>
                        <paragraph>These could be signs of a serious condition.</paragraph>
                     </text>
                     <effectiveTime value="20121030"/>
                  </section>
               </component>
               <component>
                  <section ID="i4i_OTC_Pregancy_Breastfeeding_id_373ddb6f-74cb-4b77-8c8a-3dfbe5f930e1">
                     <id root="bc1bb77f-0332-4397-9a70-9b2f9c47b883"/>
                     <code code="53414-9" codeSystem="2.16.840.1.113883.6.1" displayName="OTC - PREGNANCY OR BREAST FEEDING SECTION"/>
                     <title>If pregnant or breast-feeding,</title>
                     <text>
                        <paragraph>ask a health professional before use.</paragraph>
                     </text>
                     <effectiveTime value="20100820"/>
                  </section>
               </component>
               <component>
                  <section ID="i4i_OTC_Keep_Away_Children_id_eb3a42c7-e20f-4bcc-b591-76137250030a">
                     <id root="f70e0367-ccf9-4ce9-8301-c3470aedb905"/>
                     <code code="50565-1" codeSystem="2.16.840.1.113883.6.1" displayName="OTC - KEEP OUT OF REACH OF CHILDREN SECTION"/>
                     <title>Keep out of reach of children. </title>
                     <text>
                        <paragraph>Overdose warning: Taking more than the recommended dose (overdose) may cause liver damage. In case of overdose, get medical help or contact a Poison Control Center right away. (1-800-222-1222) Prompt medical attention is critical for adults as well as for children even if you do not notice any signs or symptoms.</paragraph>
                     </text>
                     <effectiveTime value="20131218"/>
                  </section>
               </component>
            </section>
         </component>
         <component>
            <section ID="i4i_dosage_admin_id_ff21dec3-6c0b-49e3-b938-4d9e59d777de">
               <id root="f99571b8-303f-46f7-8b11-f8f6f1019aa8"/>
               <code code="34068-7" codeSystem="2.16.840.1.113883.6.1" displayName="DOSAGE &amp; ADMINISTRATION SECTION"/>
               <title>Directions</title>
               <text>
                  <list listType="unordered">
                     <item>
                        <caption>•</caption>do not use more than directed (see overdose warning)</item>
                     <item>
                        <caption>•</caption>take every 4 hours; do not take more than 5 packets in 24 hours unless directed by a doctor</item>
                  </list>
                  <table>
                     <col width="48%"/>
                     <col width="43%"/>
                     <tbody>
                        <tr>
                           <td align="center" styleCode="Rrule Botrule Lrule Toprule " valign="top">
                              <paragraph>Age</paragraph>
                           </td>
                           <td align="center" styleCode="Rrule Botrule Lrule Toprule " valign="top">
                              <paragraph>Dose</paragraph>
                           </td>
                        </tr>
                        <tr>
                           <td styleCode="Rrule Lrule Botrule " valign="top">
                              <paragraph>children under 4 years of age</paragraph>
                           </td>
                           <td styleCode="Rrule Lrule Toprule Botrule " valign="top">
                              <paragraph>do not use</paragraph>
                           </td>
                        </tr>
                        <tr>
                           <td styleCode="Rrule Lrule Botrule " valign="top">
                              <paragraph>children 4 to under 12 years of age</paragraph>
                           </td>
                           <td styleCode="Rrule Lrule Toprule Botrule " valign="top">
                              <paragraph>do not use unless directed by a doctor</paragraph>
                           </td>
                        </tr>
                        <tr>
                           <td styleCode="Rrule Botrule Lrule Toprule " valign="top">
                              <paragraph>adults and children 12 years of age and over</paragraph>
                           </td>
                           <td styleCode="Rrule Botrule Lrule Toprule " valign="top">
                              <paragraph>one packet</paragraph>
                           </td>
                        </tr>
                     </tbody>
                  </table>
                  <list listType="unordered">
                     <item>
                        <caption>•</caption>dissolve contents of one packet into 8 oz. hot water: sip while hot. Consume entire drink within 10-15 minutes.</item>
                     <item>
                        <caption>•</caption>if using a microwave, add contents of one packet to 8 oz. of cool water: stir briskly before and after heating. Do not overheat.</item>
                  </list>
               </text>
               <effectiveTime value="20131218"/>
            </section>
         </component>
         <component>
            <section ID="i4i_storage_id_4dc4cc69-d0af-4f60-b975-85b14e01e67d">
               <id root="8e71a158-3011-454f-a9ee-216b9424d552"/>
               <code code="44425-7" codeSystem="2.16.840.1.113883.6.1" displayName="STORAGE AND HANDLING SECTION"/>
               <title>Other information</title>
               <text>
                  <list listType="unordered">
                     <item>
                        <caption>•</caption>each packet contains: potassium 10 mg and sodium 25 mg</item>
                     <item>
                        <caption>•</caption>phenylketonurics:<content styleCode="bold"/>contains phenylalanine 13 mg per packet</item>
                     <item>
                        <caption>•</caption>store at 20-25°C (68-77°F)</item>
                  </list>
               </text>
               <effectiveTime value="20131218"/>
            </section>
         </component>
         <component>
            <section ID="i4i_inactive_ingredients_id_8edf04f7-8b9b-46b5-b856-27fe48c0d4fe">
               <id root="79aeabeb-fc82-4af5-9ee5-312eea96003f"/>
               <code code="51727-6" codeSystem="2.16.840.1.113883.6.1" displayName="INACTIVE INGREDIENT SECTION"/>
               <title>Inactive ingredients</title>
               <text>
                  <paragraph>acesulfame potassium, anhydrous citric acid, aspartame, colloidal silicon dioxide, D&amp;C yellow #10, FD&amp;C blue #1, FD&amp;C red #40, flavors, maltodextrin, pregelatinized starch, sodium citrate, sucrose, tribasic calcium phosphate</paragraph>
               </text>
               <effectiveTime value="20121030"/>
            </section>
         </component>
         <component>
            <section ID="i4i_OTC_Questions_id_5a423595-0042-467f-a5d8-4fad10735f42">
               <id root="39bcb5f3-b399-47e2-b199-a19e08ec8a91"/>
               <code code="53413-1" codeSystem="2.16.840.1.113883.6.1" displayName="OTC - QUESTIONS SECTION"/>
               <title>Questions or comments?</title>
               <text>
                  <paragraph>1-800-632-6900</paragraph>
               </text>
               <effectiveTime value="20100820"/>
            </section>
         </component>
         <component>
            <section ID="i4i_Principal_display_panel_id_40529009-87ba-4716-bc26-6af2de460a7d">
               <id root="e0d8c541-98b3-49b6-8194-bfa1095733da"/>
               <code code="51945-4" codeSystem="2.16.840.1.113883.6.1" displayName="PACKAGE LABEL.PRINCIPAL DISPLAY PANEL"/>
               <title>Package/Label Principal Display Panel</title>
               <text>
                  <paragraph>COMPARE TO active ingredients of THERAFLU® SEVERE COLD &amp; COUGH</paragraph>
                  <paragraph>See side panel</paragraph>
                  <paragraph>ALCOHOL FREE</paragraph>
                  <paragraph>NIGHTTIME</paragraph>
                  <paragraph>Flu &amp; Severe Cold &amp; Cough</paragraph>
                  <paragraph>Acetaminophen</paragraph>
                  <paragraph>Pain Reliever/Fever Reducer</paragraph>
                  <paragraph>Diphenhydramine HCl </paragraph>
                  <paragraph>Antihistamine/Cough Suppressant</paragraph>
                  <paragraph>Phenylephrine HCl</paragraph>
                  <paragraph>Nasal Decongestant</paragraph>
                  <paragraph>Nasal Congestion</paragraph>
                  <paragraph>Cough/Runny Nose</paragraph>
                  <paragraph>Sneezing/Body Ache</paragraph>
                  <paragraph>Sore Throat Pain</paragraph>
                  <paragraph>Headache/Fever</paragraph>
                  <paragraph>Honey Lemon Infused with White Tea Flavors</paragraph>
                  <paragraph>6 PACKETS</paragraph>
                  <renderMultiMedia ID="id640459664" referencedObject="F14C340D-CEF1-4B45-9BF9-6A661C4DB5BD"/>
               </text>
               <effectiveTime value="20131218"/>
               <component>
                  <observationMedia ID="F14C340D-CEF1-4B45-9BF9-6A661C4DB5BD">
                     <text>Kroger Co. Flu &amp; Severe Cold &amp; Cough</text>
                     <value mediaType="image/jpeg" xsi:type="ED">
                        <reference value="bb554c41-2c1b-4e91-8436-3b63e3aefdb6-01.jpg"/>
                     </value>
                  </observationMedia>
               </component>
            </section>
         </component>
      </structuredBody>
   </component>
</document>