<?xml version="1.0" encoding="UTF-8"?><?xml-stylesheet href="http://www.accessdata.fda.gov/spl/stylesheet/spl.xsl" type="text/xsl"?>
<document xmlns="urn:hl7-org:v3" xmlns:xsi="http://www.w3.org/2001/XMLSchema-instance" xsi:schemaLocation="urn:hl7-org:v3 http://www.accessdata.fda.gov/spl/schema/spl.xsd">
   <id root="1b891b2e-c23a-44cf-8d4e-4d26dd070023"/>
   <code code="34391-3" displayName="HUMAN PRESCRIPTION DRUG LABEL" codeSystem="2.16.840.1.113883.6.1"/>
   <title>Cyclobenzaprine Hydrochloride Tablets, USP</title>
   <effectiveTime value="20131218"/>
   <setId root="c108987e-f1f9-4f0e-893a-fb036af0ce08"/>
   <versionNumber value="1"/>
   <author>
      <time/>
      <assignedEntity>
         <representedOrganization>
            <id extension="801503249" root="1.3.6.1.4.1.519.1"/>
            <name>Aidarex Pharmaceuticals LLC</name>
            <assignedEntity>
               <assignedOrganization/>
            </assignedEntity>
         </representedOrganization>
      </assignedEntity>
   </author>
   <component>
      <structuredBody>
         <component>
            <section>
               <id root="cdafc623-99ff-4bcd-b2de-bde4dd60adb2"/>
               <code code="48780-1" displayName="SPL LISTING DATA ELEMENTS SECTION" codeSystem="2.16.840.1.113883.6.1"/>
               <effectiveTime value="20131218"/>
               <subject>
                  <manufacturedProduct>
                     <manufacturedProduct>
                        <code code="33261-033" codeSystem="2.16.840.1.113883.6.69"/>
                        <name>Cyclobenzaprine Hydrochloride</name>
                        <formCode code="C42998" displayName="TABLET" codeSystem="2.16.840.1.113883.3.26.1.1"/>
                        <asEntityWithGeneric>
                           <genericMedicine>
                              <name>Cyclobenzaprine Hydrochloride</name>
                           </genericMedicine>
                        </asEntityWithGeneric>
                        <asEquivalentEntity classCode="EQUIV">
                           <code code="C64637" codeSystem="2.16.840.1.113883.3.26.1.1"/>
                           <definingMaterialKind>
                              <code code="65162-541" codeSystem="2.16.840.1.113883.6.69"/>
                           </definingMaterialKind>
                        </asEquivalentEntity>
                        <ingredient classCode="ACTIB">
                           <quantity>
                              <numerator unit="mg" value="10"/>
                              <denominator unit="1" value="1"/>
                           </quantity>
                           <ingredientSubstance>
                              <code code="0VE05JYS2P" codeSystem="2.16.840.1.113883.4.9"/>
                              <name>CYCLOBENZAPRINE HYDROCHLORIDE</name>
                              <activeMoiety>
                                 <activeMoiety>
                                    <code code="69O5WQQ5TI" codeSystem="2.16.840.1.113883.4.9"/>
                                    <name>CYCLOBENZAPRINE</name>
                                 </activeMoiety>
                              </activeMoiety>
                           </ingredientSubstance>
                        </ingredient>
                        <ingredient classCode="IACT">
                           <ingredientSubstance>
                              <code code="M28OL1HH48" codeSystem="2.16.840.1.113883.4.9"/>
                              <name>CROSCARMELLOSE SODIUM</name>
                           </ingredientSubstance>
                        </ingredient>
                        <ingredient classCode="IACT">
                           <ingredientSubstance>
                              <code code="35SW5USQ3G" codeSystem="2.16.840.1.113883.4.9"/>
                              <name>D&amp;C YELLOW NO. 10</name>
                           </ingredientSubstance>
                        </ingredient>
                        <ingredient classCode="IACT">
                           <ingredientSubstance>
                              <code code="L06K8R7DQK" codeSystem="2.16.840.1.113883.4.9"/>
                              <name>FD&amp;C BLUE NO. 2</name>
                           </ingredientSubstance>
                        </ingredient>
                        <ingredient classCode="IACT">
                           <ingredientSubstance>
                              <code code="H77VEI93A8" codeSystem="2.16.840.1.113883.4.9"/>
                              <name>FD&amp;C YELLOW NO. 6</name>
                           </ingredientSubstance>
                        </ingredient>
                        <ingredient classCode="IACT">
                           <ingredientSubstance>
                              <code code="EWQ57Q8I5X" codeSystem="2.16.840.1.113883.4.9"/>
                              <name>LACTOSE MONOHYDRATE</name>
                           </ingredientSubstance>
                        </ingredient>
                        <ingredient classCode="IACT">
                           <ingredientSubstance>
                              <code code="70097M6I30" codeSystem="2.16.840.1.113883.4.9"/>
                              <name>MAGNESIUM STEARATE</name>
                           </ingredientSubstance>
                        </ingredient>
                        <ingredient classCode="IACT">
                           <ingredientSubstance>
                              <code code="OP1R32D61U" codeSystem="2.16.840.1.113883.4.9"/>
                              <name>CELLULOSE, MICROCRYSTALLINE</name>
                           </ingredientSubstance>
                        </ingredient>
                        <ingredient classCode="IACT">
                           <ingredientSubstance>
                              <code code="3WJQ0SDW1A" codeSystem="2.16.840.1.113883.4.9"/>
                              <name>POLYETHYLENE GLYCOLS</name>
                           </ingredientSubstance>
                        </ingredient>
                        <ingredient classCode="IACT">
                           <ingredientSubstance>
                              <code code="532B59J990" codeSystem="2.16.840.1.113883.4.9"/>
                              <name>POLYVINYL ALCOHOL</name>
                           </ingredientSubstance>
                        </ingredient>
                        <ingredient classCode="IACT">
                           <ingredientSubstance>
                              <code code="ETJ7Z6XBU4" codeSystem="2.16.840.1.113883.4.9"/>
                              <name>SILICON DIOXIDE</name>
                           </ingredientSubstance>
                        </ingredient>
                        <ingredient classCode="IACT">
                           <ingredientSubstance>
                              <code code="7SEV7J4R1U" codeSystem="2.16.840.1.113883.4.9"/>
                              <name>TALC</name>
                           </ingredientSubstance>
                        </ingredient>
                        <ingredient classCode="IACT">
                           <ingredientSubstance>
                              <code code="15FIX9V2JP" codeSystem="2.16.840.1.113883.4.9"/>
                              <name>TITANIUM DIOXIDE</name>
                           </ingredientSubstance>
                        </ingredient>
                        <asContent>
                           <quantity>
                              <numerator unit="1" value="120">
                                 <translation code="C48542" value="120" displayName="TABLET" codeSystem="2.16.840.1.113883.3.26.1.1"/>
                              </numerator>
                              <denominator value="1"/>
                           </quantity>
                           <containerPackagedProduct>
                              <code code="33261-033-02" codeSystem="2.16.840.1.113883.6.69"/>
                              <formCode code="C43173" displayName="BOTTLE, PLASTIC" codeSystem="2.16.840.1.113883.3.26.1.1"/>
                           </containerPackagedProduct>
                        </asContent>
                        <asContent>
                           <quantity>
                              <numerator unit="1" value="12">
                                 <translation code="C48542" value="12" displayName="TABLET" codeSystem="2.16.840.1.113883.3.26.1.1"/>
                              </numerator>
                              <denominator value="1"/>
                           </quantity>
                           <containerPackagedProduct>
                              <code code="33261-033-12" codeSystem="2.16.840.1.113883.6.69"/>
                              <formCode code="C43173" displayName="BOTTLE, PLASTIC" codeSystem="2.16.840.1.113883.3.26.1.1"/>
                           </containerPackagedProduct>
                        </asContent>
                        <asContent>
                           <quantity>
                              <numerator unit="1" value="14">
                                 <translation code="C48542" value="14" displayName="TABLET" codeSystem="2.16.840.1.113883.3.26.1.1"/>
                              </numerator>
                              <denominator value="1"/>
                           </quantity>
                           <containerPackagedProduct>
                              <code code="33261-033-14" codeSystem="2.16.840.1.113883.6.69"/>
                              <formCode code="C43173" displayName="BOTTLE, PLASTIC" codeSystem="2.16.840.1.113883.3.26.1.1"/>
                           </containerPackagedProduct>
                        </asContent>
                        <asContent>
                           <quantity>
                              <numerator unit="1" value="15">
                                 <translation code="C48542" value="15" displayName="TABLET" codeSystem="2.16.840.1.113883.3.26.1.1"/>
                              </numerator>
                              <denominator value="1"/>
                           </quantity>
                           <containerPackagedProduct>
                              <code code="33261-033-15" codeSystem="2.16.840.1.113883.6.69"/>
                              <formCode code="C43173" displayName="BOTTLE, PLASTIC" codeSystem="2.16.840.1.113883.3.26.1.1"/>
                           </containerPackagedProduct>
                        </asContent>
                        <asContent>
                           <quantity>
                              <numerator unit="1" value="20">
                                 <translation code="C48542" value="20" displayName="TABLET" codeSystem="2.16.840.1.113883.3.26.1.1"/>
                              </numerator>
                              <denominator value="1"/>
                           </quantity>
                           <containerPackagedProduct>
                              <code code="33261-033-20" codeSystem="2.16.840.1.113883.6.69"/>
                              <formCode code="C43173" displayName="BOTTLE, PLASTIC" codeSystem="2.16.840.1.113883.3.26.1.1"/>
                           </containerPackagedProduct>
                        </asContent>
                        <asContent>
                           <quantity>
                              <numerator unit="1" value="21">
                                 <translation code="C48542" value="21" displayName="TABLET" codeSystem="2.16.840.1.113883.3.26.1.1"/>
                              </numerator>
                              <denominator value="1"/>
                           </quantity>
                           <containerPackagedProduct>
                              <code code="33261-033-21" codeSystem="2.16.840.1.113883.6.69"/>
                              <formCode code="C43173" displayName="BOTTLE, PLASTIC" codeSystem="2.16.840.1.113883.3.26.1.1"/>
                           </containerPackagedProduct>
                        </asContent>
                        <asContent>
                           <quantity>
                              <numerator unit="1" value="30">
                                 <translation code="C48542" value="30" displayName="TABLET" codeSystem="2.16.840.1.113883.3.26.1.1"/>
                              </numerator>
                              <denominator value="1"/>
                           </quantity>
                           <containerPackagedProduct>
                              <code code="33261-033-30" codeSystem="2.16.840.1.113883.6.69"/>
                              <formCode code="C43173" displayName="BOTTLE, PLASTIC" codeSystem="2.16.840.1.113883.3.26.1.1"/>
                           </containerPackagedProduct>
                        </asContent>
                        <asContent>
                           <quantity>
                              <numerator unit="1" value="40">
                                 <translation code="C48542" value="40" displayName="TABLET" codeSystem="2.16.840.1.113883.3.26.1.1"/>
                              </numerator>
                              <denominator value="1"/>
                           </quantity>
                           <containerPackagedProduct>
                              <code code="33261-033-40" codeSystem="2.16.840.1.113883.6.69"/>
                              <formCode code="C43173" displayName="BOTTLE, PLASTIC" codeSystem="2.16.840.1.113883.3.26.1.1"/>
                           </containerPackagedProduct>
                        </asContent>
                        <asContent>
                           <quantity>
                              <numerator unit="1" value="60">
                                 <translation code="C48542" value="60" displayName="TABLET" codeSystem="2.16.840.1.113883.3.26.1.1"/>
                              </numerator>
                              <denominator value="1"/>
                           </quantity>
                           <containerPackagedProduct>
                              <code code="33261-033-60" codeSystem="2.16.840.1.113883.6.69"/>
                              <formCode code="C43173" displayName="BOTTLE, PLASTIC" codeSystem="2.16.840.1.113883.3.26.1.1"/>
                           </containerPackagedProduct>
                        </asContent>
                        <asContent>
                           <quantity>
                              <numerator unit="1" value="90">
                                 <translation code="C48542" value="90" displayName="TABLET" codeSystem="2.16.840.1.113883.3.26.1.1"/>
                              </numerator>
                              <denominator value="1"/>
                           </quantity>
                           <containerPackagedProduct>
                              <code code="33261-033-90" codeSystem="2.16.840.1.113883.6.69"/>
                              <formCode code="C43173" displayName="BOTTLE, PLASTIC" codeSystem="2.16.840.1.113883.3.26.1.1"/>
                           </containerPackagedProduct>
                        </asContent>
                     </manufacturedProduct>
                     <subjectOf>
                        <approval>
                           <id extension="ANDA078218" root="2.16.840.1.113883.3.150"/>
                           <code code="C73584" displayName="ANDA" codeSystem="2.16.840.1.113883.3.26.1.1"/>
                           <author>
                              <territorialAuthority>
                                 <territory>
                                    <code code="USA" codeSystem="2.16.840.1.113883.5.28"/>
                                 </territory>
                              </territorialAuthority>
                           </author>
                        </approval>
                     </subjectOf>
                     <subjectOf>
                        <marketingAct>
                           <code code="C53292" codeSystem="2.16.840.1.113883.3.26.1.1"/>
                           <statusCode code="active"/>
                           <effectiveTime>
                              <low value="20100218"/>
                           </effectiveTime>
                        </marketingAct>
                     </subjectOf>
                     <subjectOf>
                        <characteristic classCode="OBS">
                           <code code="SPLCOLOR" codeSystem="2.16.840.1.113883.1.11.19255"/>
                           <value code="C48330" displayName="YELLOW" codeSystem="2.16.840.1.113883.3.26.1.1" xsi:type="CV">
                              <originalText>Butterscotch</originalText>
                           </value>
                        </characteristic>
                     </subjectOf>
                     <subjectOf>
                        <characteristic classCode="OBS">
                           <code code="SPLIMPRINT" codeSystem="2.16.840.1.113883.1.11.19255"/>
                           <value xsi:type="ST">AN41</value>
                        </characteristic>
                     </subjectOf>
                     <subjectOf>
                        <characteristic classCode="OBS">
                           <code code="SPLSCORE" codeSystem="2.16.840.1.113883.1.11.19255"/>
                           <value value="1" xsi:type="INT"/>
                        </characteristic>
                     </subjectOf>
                     <subjectOf>
                        <characteristic classCode="OBS">
                           <code code="SPLSHAPE" codeSystem="2.16.840.1.113883.1.11.19255"/>
                           <value code="C48348" displayName="ROUND" codeSystem="2.16.840.1.113883.3.26.1.1" xsi:type="CV"/>
                        </characteristic>
                     </subjectOf>
                     <subjectOf>
                        <characteristic classCode="OBS">
                           <code code="SPLSIZE" codeSystem="2.16.840.1.113883.1.11.19255"/>
                           <value unit="mm" value="8" xsi:type="PQ"/>
                        </characteristic>
                     </subjectOf>
                     <consumedIn>
                        <substanceAdministration>
                           <routeCode code="C38288" displayName="ORAL" codeSystem="2.16.840.1.113883.3.26.1.1"/>
                        </substanceAdministration>
                     </consumedIn>
                  </manufacturedProduct>
               </subject>
            </section>
         </component>
         <component>
            <section ID="LINK_6e265a6d-a05e-455f-a948-6ba1dd46d125">
               <id root="6e265a6d-a05e-455f-a948-6ba1dd46d125"/>
               <code code="42229-5" codeSystem="2.16.840.1.113883.6.1" displayName="SPL UNCLASSIFIED SECTION"/>
               <title/>
               <text>
                  <paragraph>
                     <content styleCode="bold">Rx only</content>
                  </paragraph>
               </text>
               <effectiveTime value="20100218"/>
            </section>
         </component>
         <component>
            <section ID="LINK_d09c7c86-95c3-4f14-a67a-f461471f297a">
               <id root="d09c7c86-95c3-4f14-a67a-f461471f297a"/>
               <code code="34089-3" codeSystem="2.16.840.1.113883.6.1" displayName="DESCRIPTION SECTION"/>
               <title>
                  <content styleCode="bold">DESCRIPTION
</content>
               </title>
               <text>
                  <paragraph>Cyclobenzaprine hydrochloride is a white, crystalline tricyclic amine salt with the empirical formula C<sub>20</sub>H<sub>21</sub>N·HCl and a molecular weight of 311.9. It has a melting point of 217°C, and a pK<sub>a</sub> of 8.47 at 25°C. It is freely soluble in water and alcohol, sparingly soluble in isopropanol, and insoluble in hydrocarbon solvents. If aqueous solutions are made alkaline, the free base separates. Cyclobenzaprine HCl is designated chemically as 3-(<content styleCode="italics">5H-</content>dibenzo[<content styleCode="italics">a</content>,<content styleCode="italics">d</content>]cyclohepten-5-ylidene)-<content styleCode="italics">N</content>, <content styleCode="italics">N</content>-dimethyl-1-propanamine hydrochloride, and has the following structural formula:</paragraph>
                  <renderMultiMedia referencedObject="MM1"/>
                  <paragraph>Cyclobenzaprine hydrochloride is supplied as a 10 mg tablet for oral administration.</paragraph>
                  <paragraph>Cyclobenzaprine hydrochloride tablets 10 mg contain the following inactive ingredients: croscarmellose sodium, D&amp;C Yellow #10 aluminum lake, FD&amp;C Blue #2 aluminum lake, FD&amp;C Yellow #6 aluminum lake, hypromellose, lactose monohydrate, magnesium stearate, microcrystalline cellulose, polyethylene glycol, polyvinyl alcohol, silicon dioxide, talc, and titanium dioxide.</paragraph>
               </text>
               <effectiveTime value="20100218"/>
               <component>
                  <observationMedia ID="MM1">
                     <text>8af4c089-figure-01</text>
                     <value xsi:type="ED" mediaType="image/jpeg">
                        <reference value="cyclobenzaprine-hcl-10mg-for-amneal-1.jpg"/>
                     </value>
                  </observationMedia>
               </component>
            </section>
         </component>
         <component>
            <section ID="LINK_15eb691c-2de1-49ba-9d10-ddd8a4192b1c">
               <id root="15eb691c-2de1-49ba-9d10-ddd8a4192b1c"/>
               <code code="34090-1" codeSystem="2.16.840.1.113883.6.1" displayName="CLINICAL PHARMACOLOGY SECTION"/>
               <title>
                  <content styleCode="bold">CLINICAL PHARMACOLOGY
</content>
               </title>
               <text>
                  <paragraph>Cyclobenzaprine HCl relieves skeletal muscle spasm of local origin without interfering with muscle function. It is ineffective in muscle spasm due to central nervous system disease.</paragraph>
                  <paragraph>Cyclobenzaprine reduced or abolished skeletal muscle hyperactivity in several animal models. Animal studies indicate that cyclobenzaprine does not act at the neuromuscular junction or directly on skeletal muscle. Such studies show that cyclobenzaprine acts primarily within the central nervous system at brain stem as opposed to spinal cord levels, although its action on the latter may contribute to its overall skeletal muscle relaxant activity. Evidence suggests that the net effect of cyclobenzaprine is a reduction of tonic somatic motor activity, influencing both gamma (γ) and alpha (α) motor systems.</paragraph>
                  <paragraph>Pharmacological studies in animals showed a similarity between the effects of cyclobenzaprine and the structurally related tricyclic antidepressants, including reserpine antagonism, norepinephrine potentiation, potent peripheral and central anticholinergic effects, and sedation. Cyclobenzaprine caused slight to moderate increase in heart rate in animals.</paragraph>
                  <paragraph>
                     <content styleCode="italics">Pharmacokinetics</content>
                  </paragraph>
                  <paragraph>Estimates of mean oral bioavailability of cyclobenzaprine range from 33% to 55%. Cyclobenzaprine exhibits linear pharmacokinetics over the dose range 2.5 mg to 10 mg, and is subject to enterohepatic circulation. It is highly bound to plasma proteins. Drug accumulates when dosed three times a day, reaching steady-state within 3-4 days at plasma concentrations about four-fold higher than after a single dose. At steady state in healthy subjects receiving 10 mg t.i.d. (n=18), peak plasma concentration was 25.9 ng/mL (range, 12.8-46.1 ng/mL), and area under the concentration-time (AUC) curve over an 8-hour dosing interval was 177 ng.hr/mL (range, 80-319 ng.hr/mL).</paragraph>
                  <paragraph>Cyclobenzaprine is extensively metabolized, and is excreted primarily as glucuronides via the kidney. Cytochromes P-450 3A4, 1A2, and, to a lesser extent, 2D6, mediate N-demethylation, one of the oxidative pathways for cyclobenzaprine. Cyclobenzaprine is eliminated quite slowly, with an effective half-life of 18 hours (range 8-37 hours; n=18); plasma clearance is 0.7 L/min.</paragraph>
                  <paragraph>The plasma concentration of cyclobenzaprine is generally higher in the elderly and in patients with hepatic impairment. (See PRECAUTIONS, Use in the Elderly and PRECAUTIONS, Impaired Hepatic Function<content styleCode="italics">.</content>)</paragraph>
                  <paragraph>
                     <content styleCode="italics">Elderly</content>
                  </paragraph>
                  <paragraph>In a pharmacokinetic study in elderly individuals (≥65yrs old), mean (n=10) steady-state cyclobenzaprine AUC values were approximately 1.7 fold (171.0 ng.hr/mL, range 96.1-255.3) higher than those seen in a group of eighteen younger adults (101.4 ng.hr/mL, range 36.1-182.9) from another study. Elderly male subjects had the highest observed mean increase, approximately 2.4 fold (198.3 ng.hr/mL, range 155.6-255.3 versus 83.2 ng.hr/mL, range 41.1-142.5 for younger males) while levels in elderly females were increased to a much lesser extent, approximately 1.2 fold (143.8 ng.hr/mL, range 96.1-196.3 versus 115.9 ng.hr/mL, range 36.1-182.9 for younger females).</paragraph>
                  <paragraph>In light of these findings, therapy with cyclobenzaprine hydrochloride in the elderly should be initiated with a 5 mg dose and titrated slowly upward.</paragraph>
                  <paragraph>
                     <content styleCode="italics">Hepatic Impairment</content>
                  </paragraph>
                  <paragraph>In a pharmacokinetic study of sixteen subjects with hepatic impairment (15 mild, 1 moderate per Child-Pugh score), both AUC and C<sub>max</sub> were approximately double the values seen in the healthy control group. Based on the findings, cyclobenzaprine hydrochloride should be used with caution in subjects with mild hepatic impairment starting with the 5 mg dose and titrating slowly upward. Due to the lack of data in subjects with more severe hepatic insufficiency, the use of cyclobenzaprine hydrochloride in subjects with moderate to severe impairment is not recommended.</paragraph>
                  <paragraph>No significant effect on plasma levels or bioavailability of cyclobenzaprine hydrochloride or aspirin was noted when single or multiple doses of the two drugs were administered concomitantly. Concomitant administration of cyclobenzaprine hydrochloride and naproxen or diflunisal was well tolerated with no reported unexpected adverse effects. However combination therapy of cyclobenzaprine hydrochloride with naproxen was associated with more side effects than therapy with naproxen alone, primarily in the form of drowsiness. No well controlled studies have been performed to indicate that cyclobenzaprine hydrochloride enhances the clinical effect of aspirin or other analgesics, or whether analgesics enhance the clinical effect of cyclobenzaprine hydrochloride in acute musculoskeletal conditions.</paragraph>
                  <paragraph>
                     <content styleCode="italics">Clinical Studies</content>
                  </paragraph>
                  <paragraph>Eight double-blind controlled clinical studies were performed in 642 patients comparing cyclobenzaprine hydrochloride 10 mg, diazepam**, and placebo. Muscle spasm, local pain and tenderness, limitation of motion, and restriction in activities of daily living were evaluated. In three of these studies there was a significantly greater improvement with cyclobenzaprine hydrochloride than with diazepam, while in the other studies the improvement following both treatments was comparable.</paragraph>
                  <paragraph>Although the frequency and severity of adverse reactions observed in patients treated with cyclobenzaprine hydrochloride were comparable to those observed in patients treated with diazepam, dry mouth was observed more frequently in patients treated with cyclobenzaprine hydrochloride and dizziness more frequently in those treated with diazepam. The incidence of drowsiness, the most frequent adverse reaction, was similar with both drugs.</paragraph>
                  <paragraph>The efficacy of cyclobenzaprine hydrochloride 5 mg was demonstrated in two seven-day, double-blind, controlled clinical trials enrolling 1405 patients. One study compared cyclobenzaprine hydrochloride 5 mg and 10 mg t.i.d. to placebo; and a second study compared cyclobenzaprine hydrochloride 5 mg and 2.5 mg t.i.d. to placebo. Primary endpoints for both trials were determined by patient-generated data and included global impression of change, medication helpfulness, and relief from starting backache. Each endpoint consisted of a score on a 5-point rating scale (from 0 or worst outcome to 4 or best outcome). Secondary endpoints included a physician's evaluation of the presence and extent of palpable muscle spasm.</paragraph>
                  <paragraph>Comparisons of cyclobenzaprine hydrochloride 5 mg and placebo groups in both trials established the statistically significant superiority of the 5 mg dose for all three primary endpoints at day 8 and, in the study comparing 5 and 10 mg, at day 3 or 4 as well. A similar effect was observed with cyclobenzaprine hydrochloride 10 mg (all endpoints). Physician-assessed secondary endpoints also showed that cyclobenzaprine hydrochloride 5 mg was associated with a greater reduction in palpable muscle spasm than placebo.</paragraph>
                  <paragraph>Analysis of the data from controlled studies shows that cyclobenzaprine hydrochloride produces clinical improvement whether or not sedation occurs.</paragraph>
                  <paragraph>**VALIUM® (diazepam, Roche)</paragraph>
                  <paragraph>
                     <content styleCode="italics">Surveillance Program</content>
                  </paragraph>
                  <paragraph>A post-marketing surveillance program was carried out in 7607 patients with acute musculoskeletal disorders, and included 297 patients treated with cyclobenzaprine hydrochloride 10 mg for 30 days or longer. The overall effectiveness of cyclobenzaprine hydrochloride was similar to that observed in the double-blind controlled studies; the overall incidence of adverse effects was less (see <linkHtml href="#LINK_d8343dc1-dc0c-4189-91f8-20f06094b5ff">ADVERSE REACTIONS</linkHtml>).</paragraph>
               </text>
               <effectiveTime value="20100218"/>
            </section>
         </component>
         <component>
            <section ID="LINK_5368a506-051e-413f-8505-962d219bb9f0">
               <id root="5368a506-051e-413f-8505-962d219bb9f0"/>
               <code code="34067-9" codeSystem="2.16.840.1.113883.6.1" displayName="INDICATIONS &amp; USAGE SECTION"/>
               <title>
                  <content styleCode="bold">INDICATIONS AND USAGE
</content>
               </title>
               <text>
                  <paragraph>Cyclobenzaprine hydrochloride is indicated as an adjunct to rest and physical therapy for relief of muscle spasm associated with acute, painful musculoskeletal conditions.</paragraph>
                  <paragraph>Improvement is manifested by relief of muscle spasm and its associated signs and symptoms, namely, pain, tenderness, limitation of motion, and restriction in activities of daily living.</paragraph>
                  <paragraph>
                     <content styleCode="italics">Cyclobenzaprine hydrochloride should be used only for short periods (up to two or three weeks) because adequate evidence of effectiveness for more prolonged use is not available and because muscle spasm associated with acute, painful musculoskeletal conditions is generally of short duration and specific therapy for longer periods is seldom warranted.</content>
                  </paragraph>
                  <paragraph>Cyclobenzaprine hydrochloride has not been found effective in the treatment of spasticity associated with cerebral or spinal cord disease, or in children with cerebral palsy.</paragraph>
               </text>
               <effectiveTime value="20100218"/>
            </section>
         </component>
         <component>
            <section ID="LINK_d14cf2a5-5245-41ff-a08b-c754510e2105">
               <id root="d14cf2a5-5245-41ff-a08b-c754510e2105"/>
               <code code="34070-3" codeSystem="2.16.840.1.113883.6.1" displayName="CONTRAINDICATIONS SECTION"/>
               <title>
                  <content styleCode="bold">CONTRAINDICATIONS
</content>
               </title>
               <text>
                  <paragraph>Hypersensitivity to any component of this product.</paragraph>
                  <paragraph>Concomitant use of monoamine oxidase (MAO) inhibitors or within 14 days after their discontinuation. Hyperpyretic crisis seizures, and deaths have occurred in patients receiving cyclobenzaprine (or structurally similar tricyclic antidepressants) concomitantly with MAO inhibitor drugs.</paragraph>
                  <paragraph>Acute recovery phase of myocardial infarction, and patients with arrhythmias, heart block or conduction disturbances, or congestive heart failure.</paragraph>
                  <paragraph>Hyperthyroidism.</paragraph>
               </text>
               <effectiveTime value="20100218"/>
            </section>
         </component>
         <component>
            <section ID="LINK_1e69e44e-dcb5-4068-ab0f-2a63e6cc5198">
               <id root="1e69e44e-dcb5-4068-ab0f-2a63e6cc5198"/>
               <code code="34071-1" codeSystem="2.16.840.1.113883.6.1" displayName="WARNINGS SECTION"/>
               <title>
                  <content styleCode="bold">WARNINGS
</content>
               </title>
               <text>
                  <paragraph>Cyclobenzaprine is closely related to the tricyclic antidepressants, e.g., amitriptyline and imipramine. In short term studies for indications other than muscle spasm associated with acute musculoskeletal conditions, and usually at doses somewhat greater than those recommended for skeletal muscle spasm, some of the more serious central nervous system reactions noted with the tricyclic antidepressants have occurred (see WARNINGS, below, and <linkHtml href="#LINK_d8343dc1-dc0c-4189-91f8-20f06094b5ff">ADVERSE REACTIONS</linkHtml>).</paragraph>
                  <paragraph>Tricyclic antidepressants have been reported to produce arrhythmias, sinus tachycardia, prolongation of the conduction time leading to myocardial infarction and stroke. Cyclobenzaprine hydrochloride may enhance the effects of alcohol, barbiturates, and other CNS depressants.</paragraph>
               </text>
               <effectiveTime value="20100218"/>
            </section>
         </component>
         <component>
            <section ID="LINK_bfdd04c1-7af0-4b9a-b6dd-a704cb9f7c75">
               <id root="bfdd04c1-7af0-4b9a-b6dd-a704cb9f7c75"/>
               <code code="42232-9" codeSystem="2.16.840.1.113883.6.1" displayName="PRECAUTIONS SECTION"/>
               <title>
                  <content styleCode="bold">PRECAUTIONS
</content>
               </title>
               <text>
                  <paragraph>
                     <content styleCode="italics">General</content>
                  </paragraph>
                  <paragraph>Because of its atropine-like action, cyclobenzaprine hydrochloride should be used with caution in patients with a history of urinary retention, angle-closure glaucoma, increased intraocular pressure, and in patients taking anticholinergic medication.</paragraph>
                  <paragraph>
                     <content styleCode="italics">Impaired Hepatic Function</content>
                  </paragraph>
                  <paragraph>The plasma concentration of cyclobenzaprine is increased in patients with hepatic impairment (see CLINICAL PHARMACOLOGY, Pharmacokinetics, Hepatic Impairment). These patients are generally more susceptible to drugs with potentially sedating effects, including cyclobenzaprine. Cyclobenzaprine hydrochloride should be used with caution in subjects with mild hepatic impairment starting with a 5 mg dose and titrating slowly upward. Due to the lack of data in subjects with more severe hepatic insufficiency, the use of cyclobenzaprine hydrochloride in subjects with moderate to severe impairment is not recommended.</paragraph>
                  <paragraph>
                     <content styleCode="italics">Information for Patients</content>
                  </paragraph>
                  <paragraph>Cyclobenzaprine hydrochloride, especially when used with alcohol or other CNS depressants, may impair mental and/or physical abilities required for performance of hazardous tasks, such as operating machinery or driving a motor vehicle. In the elderly, the frequency and severity of adverse events associated with the use of cyclobenzaprine, with or without concomitant medications, is increased. In elderly patients, cyclobenzaprine hydrochloride should be initiated with a 5 mg dose and titrated slowly upward.</paragraph>
                  <paragraph>
                     <content styleCode="italics">Drug Interactions</content>
                  </paragraph>
                  <paragraph>Cyclobenzaprine hydrochloride may have life-threatening interactions with MAO inhibitors. (See <linkHtml href="#LINK_d14cf2a5-5245-41ff-a08b-c754510e2105">CONTRAINDICATIONS</linkHtml>.)</paragraph>
                  <paragraph>Cyclobenzaprine hydrochloride may enhance the effects of alcohol, barbiturates, and other CNS depressants.</paragraph>
                  <paragraph>Tricyclic antidepressants may block the antihypertensive action of guanethidine and similarly acting compounds.</paragraph>
                  <paragraph>Tricyclic antidepressants may enhance the seizure risk in patients taking tramadol.†</paragraph>
                  <paragraph>†ULTRAM® (tramadol HCl tablets, Ortho-McNeil Pharmaceutical)</paragraph>
                  <paragraph>ULTRACET® (tramadol HCl and acetaminophen tablets, Ortho-McNeil Pharmaceutical)</paragraph>
                  <paragraph>
                     <content styleCode="italics">Carcinogenesis, Mutagenesis, Impairment of Fertility</content>
                  </paragraph>
                  <paragraph>In rats treated with cyclobenzaprine hydrochloride for up to 67 weeks at doses of approximately 5 to 40 times the maximum recommended human dose, pale, sometimes enlarged, livers were noted and there was a dose-related hepatocyte vacuolation with lipidosis. In the higher dose groups this microscopic change was seen after 26 weeks and even earlier in rats which died prior to 26 weeks; at lower doses, the change was not seen until after 26 weeks.</paragraph>
                  <paragraph>Cyclobenzaprine did not affect the onset, incidence or distribution of neoplasia in an 81-week study in the mouse or in a 105-week study in the rat.</paragraph>
                  <paragraph>At oral doses of up to 10 times the human dose, cyclobenzaprine did not adversely affect the reproductive performance or fertility of male or female rats. Cyclobenzaprine did not demonstrate mutagenic activity in the male mouse at dose levels of up to 20 times the human dose.</paragraph>
                  <paragraph>
                     <content styleCode="italics">Pregnancy</content>
                  </paragraph>
                  <paragraph>
                     <content styleCode="italics">Pregnancy Category B: </content>Reproduction studies have been performed in rats, mice and rabbits at doses up to 20 times the human dose, and have revealed no evidence of impaired fertility or harm to the fetus due to cyclobenzaprine hydrochloride. There are, however, no adequate and well-controlled studies in pregnant women. Because animal reproduction studies are not always predictive of human response, this drug should be used during pregnancy only if clearly needed.</paragraph>
                  <paragraph>
                     <content styleCode="italics">Nursing Mothers</content>
                  </paragraph>
                  <paragraph>It is not known whether this drug is excreted in human milk. Because cyclobenzaprine is closely related to the tricyclic antidepressants, some of which are known to be excreted in human milk, caution should be exercised when cyclobenzaprine hydrochloride is administered to a nursing woman.</paragraph>
                  <paragraph>
                     <content styleCode="italics">Pediatric Use</content>
                  </paragraph>
                  <paragraph>Safety and effectiveness of cyclobenzaprine hydrochloride in pediatric patients below 15 years of age have not been established.</paragraph>
                  <paragraph>
                     <content styleCode="italics">Use in the Elderly</content>
                  </paragraph>
                  <paragraph>The plasma concentration of cyclobenzaprine is increased in the elderly (see CLINICAL PHARMACOLOGY, Pharmacokinetics, Elderly<content styleCode="italics">)</content>. The elderly may also be more at risk for CNS adverse events such as hallucinations and confusion, cardiac events resulting in falls or other sequelae, drug-drug and drug-disease interactions. For these reasons, in the elderly, cyclobenzaprine should be used only if clearly needed. In such patients cyclobenzaprine hydrochloride should be initiated with a 5 mg dose and titrated slowly upward.</paragraph>
               </text>
               <effectiveTime value="20100218"/>
            </section>
         </component>
         <component>
            <section ID="LINK_d8343dc1-dc0c-4189-91f8-20f06094b5ff">
               <id root="d8343dc1-dc0c-4189-91f8-20f06094b5ff"/>
               <code code="34084-4" codeSystem="2.16.840.1.113883.6.1" displayName="ADVERSE REACTIONS SECTION"/>
               <title>
                  <content styleCode="bold">ADVERSE REACTIONS
</content>
               </title>
               <text>
                  <paragraph>Incidence of most common adverse reactions in the 2 double-blind<sup>‡</sup>, placebo-controlled</paragraph>
                  <paragraph>5 mg studies (incidence of &gt; 3% on cyclobenzaprine hydrochloride 5 mg):</paragraph>
                  <table>
                     <col/>
                     <col/>
                     <col/>
                     <col/>
                     <thead>
                        <tr>
                           <td align="center" valign="top"> </td>
                           <td align="center" valign="top">  Cyclobenzaprine<br/>HCl 5 mg<br/>N=464 </td>
                           <td align="center" valign="top">  Cyclobenzaprine<br/>HCl 10 mg<br/>N=249 </td>
                           <td align="center" valign="top">  Placebo<br/>N=469 </td>
                        </tr>
                     </thead>
                     <tbody>
                        <tr>
                           <td valign="top"> Drowsiness</td>
                           <td align="center" valign="top"> 29%</td>
                           <td align="center" valign="top"> 38%</td>
                           <td align="center" valign="top"> 10%</td>
                        </tr>
                        <tr>
                           <td valign="top"> Dry Mouth</td>
                           <td align="center" valign="top"> 21%</td>
                           <td align="center" valign="top"> 32%</td>
                           <td align="center" valign="top"> 7%</td>
                        </tr>
                        <tr>
                           <td valign="top"> Fatigue</td>
                           <td align="center" valign="top"> 6%</td>
                           <td align="center" valign="top"> 6%</td>
                           <td align="center" valign="top"> 3%</td>
                        </tr>
                        <tr>
                           <td valign="top"> Headache</td>
                           <td align="center" valign="top"> 5%</td>
                           <td align="center" valign="top"> 5%</td>
                           <td align="center" valign="top"> 8%</td>
                        </tr>
                     </tbody>
                  </table>
                  <paragraph>Adverse reactions which were reported in 1% to 3% of the patients were: abdominal pain, acid regurgitation, constipation, diarrhea, dizziness, nausea, irritability, mental acuity decreased, nervousness, upper respiratory infection, and pharyngitis.</paragraph>
                  <paragraph>The following list of adverse reactions is based on the experience in 473 patients treated with cyclobenzaprine hydrochloride 10 mg in additional controlled clinical studies, 7607 patients in the post-marketing surveillance program, and reports received since the drug was marketed. The overall incidence of adverse reactions among patients in the surveillance program was less than the incidence in the controlled clinical studies.</paragraph>
                  <paragraph>The adverse reactions reported most frequently with cyclobenzaprine hydrochloride were drowsiness, dry mouth and dizziness. The incidence of these common adverse reactions was lower in the surveillance program than in the controlled clinical studies:</paragraph>
                  <paragraph>
                     <content styleCode="bold">
                        <sup>‡</sup>
                     </content>
                     <content styleCode="bold">
                        <content styleCode="italics">Note: Cyclobenzaprine hydrochloride 10 mg data are from one clinical trial.</content>
                     </content>
                  </paragraph>
                  <paragraph>
                     <content styleCode="bold">
                        <content styleCode="italics">Cyclobenzaprine hydrochloride 5 mg and placebo data are from two studies.</content>
                     </content>
                  </paragraph>
                  <table>
                     <col/>
                     <col/>
                     <col/>
                     <thead>
                        <tr>
                           <td align="center" valign="top"> </td>
                           <td align="center" valign="top"> <content styleCode="italics">Clinical Studies With</content>
                              <content styleCode="italics">
                                 <br/>
                              </content>
                              <content styleCode="italics">Cyclobenzaprine HCl 10 mg </content>
                           </td>
                           <td align="center" valign="top"> <content styleCode="italics">Surveillance Progam</content>
                              <content styleCode="italics">
                                 <br/>
                              </content>
                              <content styleCode="italics">With Cyclobenzaprine HCl 10 mg</content>
                           </td>
                        </tr>
                     </thead>
                     <tbody>
                        <tr>
                           <td valign="top"> Drowsiness</td>
                           <td align="center" valign="top"> 39%</td>
                           <td align="center" valign="top"> 16%</td>
                        </tr>
                        <tr>
                           <td valign="top"> Dry Mouth</td>
                           <td align="center" valign="top"> 27%</td>
                           <td align="center" valign="top"> 7%</td>
                        </tr>
                        <tr>
                           <td valign="top"> Dizziness</td>
                           <td align="center" valign="top"> 11%</td>
                           <td align="center" valign="top"> 3%</td>
                        </tr>
                     </tbody>
                  </table>
                  <paragraph>Among the less frequent adverse reactions, there was no appreciable difference in incidence in controlled clinical studies or in the surveillance program. Adverse reactions which were reported in 1% to 3% of the patients were: fatigue/tiredness, asthenia, nausea, constipation, dyspepsia, unpleasant taste, blurred vision, headache, nervousness, and confusion.</paragraph>
                  <paragraph>The following adverse reactions have been reported in post-marketing experience or with an incidence of less than 1% of patients in clinical trials with the 10 mg tablet:</paragraph>
                  <paragraph>
                     <content styleCode="italics">Body as a Whole: </content>Syncope; malaise.</paragraph>
                  <paragraph>
                     <content styleCode="italics">Cardiovascular: </content>Tachycardia; arrhythmia; vasodilatation; palpitation; hypotension.</paragraph>
                  <paragraph>
                     <content styleCode="italics">Digestive: </content>Vomiting; anorexia; diarrhea; gastrointestinal pain; gastritis; thirst; flatulence; edema of the tongue; abnormal liver function and rare reports of hepatitis, jaundice and cholestasis.</paragraph>
                  <paragraph>
                     <content styleCode="italics">Hypersensitivity: </content>Anaphylaxis; angioedema; pruritus; facial edema; urticaria; rash.</paragraph>
                  <paragraph>
                     <content styleCode="italics">Musculoskeletal: </content>Local weakness.</paragraph>
                  <paragraph>
                     <content styleCode="italics">Nervous System and Psychiatric: </content>Seizures, ataxia; vertigo; dysarthria; tremors; hypertonia; convulsions; muscle twitching; disorientation; insomnia; depressed mood; abnormal sensations; anxiety; agitation; psychosis, abnormal thinking and dreaming; hallucinations; excitement; paresthesia; diplopia.</paragraph>
                  <paragraph>
                     <content styleCode="italics">Skin: </content>Sweating.</paragraph>
                  <paragraph>
                     <content styleCode="italics">Special Senses: </content>Ageusia; tinnitus.</paragraph>
                  <paragraph>
                     <content styleCode="italics">Urogenital: </content>Urinary frequency and/or retention.</paragraph>
                  <paragraph>
                     <content styleCode="italics">Causal Relationship Unknown</content>
                  </paragraph>
                  <paragraph>Other reactions, reported rarely for cyclobenzaprine hydrochloride under circumstances where a causal relationship could not be established or reported for other tricyclic drugs, are listed to serve as alerting information to physicians:</paragraph>
                  <paragraph>
                     <content styleCode="italics">Body as a whole: </content>Chest pain; edema.</paragraph>
                  <paragraph>
                     <content styleCode="italics">Cardiovascular: </content>Hypertension; myocardial infarction; heart block; stroke.</paragraph>
                  <paragraph>
                     <content styleCode="italics">Digestive: </content>Paralytic ileus, tongue discoloration; stomatitis; parotid swelling.</paragraph>
                  <paragraph>
                     <content styleCode="italics">Endocrine: </content>Inappropriate ADH syndrome.</paragraph>
                  <paragraph>
                     <content styleCode="italics">Hematic and Lymphatic: </content>Purpura; bone marrow depression; leukopenia; eosinophilia; thrombocytopenia.</paragraph>
                  <paragraph>
                     <content styleCode="italics">Metabolic, Nutritional and Immune: </content>Elevation and lowering of blood sugar levels; weight gain or loss.</paragraph>
                  <paragraph>
                     <content styleCode="italics">Musculoskeletal: </content>Myalgia.</paragraph>
                  <paragraph>
                     <content styleCode="italics">Nervous System and Psychiatric: </content>Decreased or increased libido; abnormal gait; delusions; aggressive behavior; paranoia; peripheral neuropathy; Bell's palsy; alteration in EEG patterns; extrapyramidal symptoms.</paragraph>
                  <paragraph>
                     <content styleCode="italics">Respiratory: </content>Dyspnea.</paragraph>
                  <paragraph>
                     <content styleCode="italics">Skin: </content>Photosensitization; alopecia.</paragraph>
                  <paragraph>
                     <content styleCode="italics">Urogenital: </content>Impaired urination; dilatation of urinary tract; impotence; testicular swelling; gynecomastia; breast enlargement; galactorrhea.</paragraph>
               </text>
               <effectiveTime value="20100218"/>
            </section>
         </component>
         <component>
            <section ID="LINK_0de46ad5-6e5e-4070-b198-0c74bff106ed">
               <id root="0de46ad5-6e5e-4070-b198-0c74bff106ed"/>
               <code code="42227-9" codeSystem="2.16.840.1.113883.6.1" displayName="DRUG ABUSE AND DEPENDENCE SECTION"/>
               <title>
                  <content styleCode="bold">DRUG ABUSE AND DEPENDENCE
</content>
               </title>
               <text>
                  <paragraph>Pharmacologic similarities among the tricyclic drugs require that certain withdrawal symptoms be considered when cyclobenzaprine hydrochloride is administered, even though they have not been reported to occur with this drug. Abrupt cessation of treatment after prolonged administration rarely may produce nausea, headache, and malaise. These are not indicative of addiction.</paragraph>
               </text>
               <effectiveTime value="20100218"/>
            </section>
         </component>
         <component>
            <section ID="LINK_0a494fd9-e263-4ef3-abda-59a1dc388bd9">
               <id root="0a494fd9-e263-4ef3-abda-59a1dc388bd9"/>
               <code code="34088-5" codeSystem="2.16.840.1.113883.6.1" displayName="OVERDOSAGE SECTION"/>
               <title>
                  <content styleCode="bold">OVERDOSAGE
</content>
               </title>
               <text>
                  <paragraph>Although rare, deaths may occur from overdosage with cyclobenzaprine hydrochloride.</paragraph>
                  <paragraph>Multiple drug ingestion (including alcohol) is common in deliberate cyclobenzaprine overdose. <content styleCode="bold">As management of overdose is complex and changing, it is recommended that the physician contact a poison control center for current information on treatment. </content>Signs and symptoms of toxicity may develop rapidly after cyclobenzaprine overdose; therefore, hospital monitoring is required as soon as possible. The acute oral LD<sub>50</sub> of cyclobenzaprine hydrochloride is approximately 338 and 425 mg/kg in mice and rats, respectively.</paragraph>
                  <paragraph>
                     <content styleCode="italics">MANIFESTATIONS</content>
                  </paragraph>
                  <paragraph>The most common effects associated with cyclobenzaprine overdose are drowsiness and tachycardia. Less frequent manifestations include tremor, agitation, coma, ataxia, hypertension, slurred speech, confusion, dizziness, nausea, vomiting, and hallucinations. Rare but potentially critical manifestations of overdose are cardiac arrest, chest pain, cardiac dysrhythmias, severe hypotension, seizures, and neuroleptic malignant syndrome.</paragraph>
                  <paragraph>Changes in the electrocardiogram, particularly in QRS axis or width, are clinically significant indicators of cyclobenzaprine toxicity.</paragraph>
                  <paragraph>Other potential effects of overdosage include any of the symptoms listed under ADVERSE REACTIONS.</paragraph>
                  <paragraph>
                     <content styleCode="italics">MANAGEMENT</content>
                  </paragraph>
                  <paragraph>
                     <content styleCode="italics">General</content>
                  </paragraph>
                  <paragraph>
                     <content styleCode="bold">As management of overdose is complex and changing, it is recommended that the physician contact a poison control center for current information on treatment.</content>
                  </paragraph>
                  <paragraph>In order to protect against the rare but potentially critical manifestations described above, obtain an ECG and immediately initiate cardiac monitoring. Protect the patient's airway, establish an intravenous line and initiate gastric decontamination. Observation with cardiac monitoring and observation for signs of CNS or respiratory depression, hypotension, cardiac dysrhythmias and/or conduction blocks, and seizures is necessary. If signs of toxicity occur at any time during this period, extended monitoring is required. Monitoring of plasma drug levels should not guide management of the patient. Dialysis is probably of no value because of low plasma concentrations of the drug.</paragraph>
                  <paragraph>
                     <content styleCode="italics">Gastrointestinal Decontamination</content>
                  </paragraph>
                  <paragraph>All patients suspected of an overdose with cyclobenzaprine hydrochloride should receive gastrointestinal decontamination. This should include large volume gastric lavage followed by activated charcoal. If consciousness is impaired, the airway should be secured prior to lavage and emesis is contraindicated.</paragraph>
                  <paragraph>
                     <content styleCode="italics">Cardiovascular</content>
                  </paragraph>
                  <paragraph>A maximal limb-lead QRS duration of ≥0.10 seconds may be the best indication of the severity of the overdose. Serum alkalinization, to a pH of 7.45 to 7.55, using intravenous sodium bicarbonate and hyperventilation (as needed), should be instituted for patients with dysrhythmias and/or QRS widening. A pH &gt;7.60 or a pCO<sub>2</sub> &lt;20 mmHg is undesirable. Dysrhythmias unresponsive to sodium bicarbonate therapy/hyperventilation may respond to lidocaine, bretylium or phenytoin. Type 1A and 1C antiarrhythmics are generally contraindicated (e.g., quinidine, disopyramide, and procainamide).</paragraph>
                  <paragraph>
                     <content styleCode="italics">CNS</content>
                  </paragraph>
                  <paragraph>In patients with CNS depression, early intubation is advised because of the potential for abrupt deterioration. Seizures should be controlled with benzodiazepines or, if these are ineffective, other anticonvulsants (e.g. phenobarbital, phenytoin). Physostigmine is not recommended except to treat life-threatening symptoms that have been unresponsive to other therapies, and then only in close consultation with a poison control center.</paragraph>
                  <paragraph>
                     <content styleCode="italics">PSYCHIATRIC FOLLOW-UP</content>
                  </paragraph>
                  <paragraph>Since overdosage is often deliberate, patients may attempt suicide by other means during the recovery phase. Psychiatric referral may be appropriate.</paragraph>
                  <paragraph>
                     <content styleCode="italics">PEDIATRIC MANAGEMENT</content>
                  </paragraph>
                  <paragraph>The principles of management of child and adult overdosages are similar. It is strongly recommended that the physician contact the local poison control center for specific pediatric treatment.</paragraph>
               </text>
               <effectiveTime value="20100218"/>
            </section>
         </component>
         <component>
            <section ID="LINK_ef954c88-c108-46bb-b8c2-4b9465dae2ef">
               <id root="ef954c88-c108-46bb-b8c2-4b9465dae2ef"/>
               <code code="34068-7" codeSystem="2.16.840.1.113883.6.1" displayName="DOSAGE &amp; ADMINISTRATION SECTION"/>
               <title>
                  <content styleCode="bold">DOSAGE AND ADMINISTRATION
</content>
               </title>
               <text>
                  <paragraph>For most patients, the recommended dose of cyclobenzaprine hydrochloride is 5 mg three times a day. Based on individual patient response, the dose may be increased to 10 mg three times a day. Use of cyclobenzaprine hydrochloride for periods longer than two or three weeks is not recommended. (see <linkHtml href="#LINK_5368a506-051e-413f-8505-962d219bb9f0">INDICATIONS AND USAGE</linkHtml>).</paragraph>
                  <paragraph>Less frequent dosing should be considered for hepatically impaired or elderly patients (see PRECAUTIONS, Impaired Hepatic Function<content styleCode="italics">, and </content>Use in the Elderly<content styleCode="italics">)</content>.</paragraph>
               </text>
               <effectiveTime value="20100218"/>
            </section>
         </component>
         <component>
            <section ID="LINK_c66cc4c9-2c4c-4dbd-98d1-5d9a1d6716d6">
               <id root="42fc38c8-4081-4e81-8dc9-d9e5988318df"/>
               <code code="34069-5" codeSystem="2.16.840.1.113883.6.1" displayName="HOW SUPPLIED SECTION"/>
               <title>
                  <content styleCode="bold">HOW SUPPLIED
</content>
               </title>
               <text>
                  <paragraph>The tablets are supplied as follows:</paragraph>
                  <paragraph>12 count bottle NDC 33261-0033-12</paragraph>
                  <paragraph>14 count bottle NDC 33261-0033-14</paragraph>
                  <paragraph>15 count bottle NDC 33261-0033-15</paragraph>
                  <paragraph>20 count bottle NDC 33261-0033-20</paragraph>
                  <paragraph>21 count bottle NDC 33261-0033-21</paragraph>
                  <paragraph>30 count bottle NDC 33261-0033-20</paragraph>
                  <paragraph>40 count bottle NDC 33261-0033-40</paragraph>
                  <paragraph>60 count bottle NDC 33261-0033-60</paragraph>
                  <paragraph>90 count bottle NDC 33261-0033-90</paragraph>
                  <paragraph>120 count bottle NDC 33261-0033-02</paragraph>
                  <paragraph>Cyclobenzaprine hydrochloride 10 mg tablets are supplied as butterscotch yellow, round, film-coated convex tablets, debossed with "AN41" on one side and plain on the other side.</paragraph>
                  <paragraph>Storage and Handling</paragraph>
                  <paragraph>Store at 20°C to 25°C (68°F to 77°F); excursions permitted to 15°C - 30°C (59°F - 86°F). [See USP Controlled Room Temperature]. This is a bulk package. Dispense contents with a child-resistant closure (as required) and in a tight, light-resistant container as defined in the USP.</paragraph>
                  <paragraph>KEEP THIS AND ALL MEDICATION OUT OF THE REACH OF CHILDREN.</paragraph>
               </text>
               <effectiveTime value="20131218"/>
            </section>
         </component>
         <component>
            <section ID="LINK_97d2b853-53d4-4890-b9f8-d39f1bdb40e2">
               <id root="e4e7c87c-b1a0-429d-bd46-327b1ef2fecf"/>
               <code code="42229-5" codeSystem="2.16.840.1.113883.6.1" displayName="SPL UNCLASSIFIED SECTION"/>
               <title/>
               <text>
                  <paragraph>Manufactured by</paragraph>
                  <paragraph>
                     <content styleCode="bold">Amneal Pharmaceuticals</content>
                  </paragraph>
                  <paragraph>Paterson, New Jersey 07504</paragraph>
                  <paragraph>Distributed by</paragraph>
                  <paragraph>
                     <content styleCode="bold">Amneal Pharmaceuticals</content>
                  </paragraph>
                  <paragraph>Glasgow, Kentucky 42141</paragraph>
                  <paragraph>Repackaged By :<br/>Aidarex Pharmaceuticals LLC,<br/>Corona, CA 92880</paragraph>
                  <paragraph>MF# 306</paragraph>
                  <paragraph>Rev.: 01-2008</paragraph>
               </text>
               <effectiveTime value="20131218"/>
            </section>
         </component>
         <component>
            <section ID="LINK_0884e30b-fa64-45b4-84a4-9927d258c77c">
               <id root="9a97004e-39e7-4a7a-bb2f-0250a10150e5"/>
               <code code="51945-4" codeSystem="2.16.840.1.113883.6.1" displayName="PACKAGE LABEL.PRINCIPAL DISPLAY PANEL"/>
               <title>
                  <content styleCode="bold">PACKAGE LABEL.PRINCIPAL DISPLAY PANEL
</content>
               </title>
               <text>
                  <renderMultiMedia referencedObject="MM2"/>
               </text>
               <effectiveTime value="20131218"/>
               <component>
                  <observationMedia ID="MM2">
                     <text>IMAGE LABEL</text>
                     <value xsi:type="ED" mediaType="image/jpeg">
                        <reference value="cyclobenzaprine-hcl-10mg-for-amneal-2.jpg"/>
                     </value>
                  </observationMedia>
               </component>
            </section>
         </component>
      </structuredBody>
   </component>
</document>