<?xml version="1.0" encoding="UTF-8"?><?xml-stylesheet href="http://www.accessdata.fda.gov/spl/stylesheet/spl.xsl" type="text/xsl"?>
<document xmlns="urn:hl7-org:v3" xmlns:xsi="http://www.w3.org/2001/XMLSchema-instance" xsi:schemaLocation="urn:hl7-org:v3 http://www.accessdata.fda.gov/spl/schema/spl.xsd">
   <id root="426231be-c09f-494d-a8e0-b1654eaa5f65"/>
   <code code="34390-5" codeSystem="2.16.840.1.113883.6.1" displayName="HUMAN OTC DRUG LABEL"/>
   <title>Perrigo All Day Pain Relief Drug Facts</title>
   <effectiveTime value="20131230"/>
   <setId root="b8356697-41a0-48cd-b0c4-327bcdf534ca"/>
   <versionNumber value="3"/>
   <author>
      <time/>
      <assignedEntity>
         <representedOrganization>
            <id extension="006013346" root="1.3.6.1.4.1.519.1"/>
            <name>L. Perrigo Company</name>
         </representedOrganization>
      </assignedEntity>
   </author>
   <component>
      <structuredBody>
         <component>
            <section>
               <id root="da979a68-5ed5-42af-aa8b-2c041a777920"/>
               <code code="48780-1" codeSystem="2.16.840.1.113883.6.1" displayName="SPL product data elements section"/>
               <effectiveTime value="20131230"/>
               <subject>
                  <manufacturedProduct>
                     <manufacturedProduct>
                        <code code="0113-0368" codeSystem="2.16.840.1.113883.6.69"/>
                        <name>Good Sense All Day Pain Relief</name>
                        <formCode code="C42931" codeSystem="2.16.840.1.113883.3.26.1.1" displayName="TABLET, FILM COATED"/>
                        <asEntityWithGeneric>
                           <genericMedicine>
                              <name>Naproxen Sodium</name>
                           </genericMedicine>
                        </asEntityWithGeneric>
                        <ingredient classCode="ACTIM">
                           <quantity>
                              <numerator unit="mg" value="200"/>
                              <denominator unit="1" value="1"/>
                           </quantity>
                           <ingredientSubstance>
                              <code code="9TN87S3A3C" codeSystem="2.16.840.1.113883.4.9"/>
                              <name>NAPROXEN SODIUM</name>
                              <activeMoiety>
                                 <activeMoiety>
                                    <code code="57Y76R9ATQ" codeSystem="2.16.840.1.113883.4.9"/>
                                    <name>NAPROXEN</name>
                                 </activeMoiety>
                              </activeMoiety>
                           </ingredientSubstance>
                        </ingredient>
                        <ingredient classCode="IACT">
                           <ingredientSubstance>
                              <code code="3NXW29V3WO" codeSystem="2.16.840.1.113883.4.9"/>
                              <name>HYPROMELLOSES</name>
                           </ingredientSubstance>
                        </ingredient>
                        <ingredient classCode="IACT">
                           <ingredientSubstance>
                              <code code="70097M6I30" codeSystem="2.16.840.1.113883.4.9"/>
                              <name>MAGNESIUM STEARATE</name>
                           </ingredientSubstance>
                        </ingredient>
                        <ingredient classCode="IACT">
                           <ingredientSubstance>
                              <code code="OP1R32D61U" codeSystem="2.16.840.1.113883.4.9"/>
                              <name>CELLULOSE, MICROCRYSTALLINE</name>
                           </ingredientSubstance>
                        </ingredient>
                        <ingredient classCode="IACT">
                           <ingredientSubstance>
                              <code code="3WJQ0SDW1A" codeSystem="2.16.840.1.113883.4.9"/>
                              <name>POLYETHYLENE GLYCOLS</name>
                           </ingredientSubstance>
                        </ingredient>
                        <ingredient classCode="IACT">
                           <ingredientSubstance>
                              <code code="FZ989GH94E" codeSystem="2.16.840.1.113883.4.9"/>
                              <name>POVIDONES</name>
                           </ingredientSubstance>
                        </ingredient>
                        <ingredient classCode="IACT">
                           <ingredientSubstance>
                              <code code="7SEV7J4R1U" codeSystem="2.16.840.1.113883.4.9"/>
                              <name>TALC</name>
                           </ingredientSubstance>
                        </ingredient>
                        <ingredient classCode="IACT">
                           <ingredientSubstance>
                              <code code="15FIX9V2JP" codeSystem="2.16.840.1.113883.4.9"/>
                              <name>TITANIUM DIOXIDE</name>
                           </ingredientSubstance>
                        </ingredient>
                        <asContent>
                           <quantity>
                              <numerator unit="1" value="24"/>
                              <denominator value="1"/>
                           </quantity>
                           <containerPackagedProduct>
                              <code/>
                              <formCode code="C43169" codeSystem="2.16.840.1.113883.3.26.1.1" displayName="BOTTLE"/>
                              <asContent>
                                 <quantity>
                                    <numerator unit="1" value="1"/>
                                    <denominator value="1"/>
                                 </quantity>
                                 <containerPackagedProduct>
                                    <code code="0113-0368-62" codeSystem="2.16.840.1.113883.6.69"/>
                                    <formCode code="C43182" codeSystem="2.16.840.1.113883.3.26.1.1" displayName="CARTON"/>
                                 </containerPackagedProduct>
                              </asContent>
                           </containerPackagedProduct>
                        </asContent>
                        <asContent>
                           <quantity>
                              <numerator unit="1" value="50"/>
                              <denominator value="1"/>
                           </quantity>
                           <containerPackagedProduct>
                              <code/>
                              <formCode code="C43169" codeSystem="2.16.840.1.113883.3.26.1.1" displayName="BOTTLE"/>
                              <asContent>
                                 <quantity>
                                    <numerator unit="1" value="1"/>
                                    <denominator value="1"/>
                                 </quantity>
                                 <containerPackagedProduct>
                                    <code code="0113-0368-71" codeSystem="2.16.840.1.113883.6.69"/>
                                    <formCode code="C43182" codeSystem="2.16.840.1.113883.3.26.1.1" displayName="CARTON"/>
                                 </containerPackagedProduct>
                              </asContent>
                           </containerPackagedProduct>
                        </asContent>
                        <asContent>
                           <quantity>
                              <numerator unit="1" value="100"/>
                              <denominator value="1"/>
                           </quantity>
                           <containerPackagedProduct>
                              <code/>
                              <formCode code="C43169" codeSystem="2.16.840.1.113883.3.26.1.1" displayName="BOTTLE"/>
                              <asContent>
                                 <quantity>
                                    <numerator unit="1" value="1"/>
                                    <denominator value="1"/>
                                 </quantity>
                                 <containerPackagedProduct>
                                    <code code="0113-0368-78" codeSystem="2.16.840.1.113883.6.69"/>
                                    <formCode code="C43182" codeSystem="2.16.840.1.113883.3.26.1.1" displayName="CARTON"/>
                                 </containerPackagedProduct>
                              </asContent>
                           </containerPackagedProduct>
                        </asContent>
                        <asContent>
                           <quantity>
                              <numerator unit="1" value="120"/>
                              <denominator value="1"/>
                           </quantity>
                           <containerPackagedProduct>
                              <code/>
                              <formCode code="C43169" codeSystem="2.16.840.1.113883.3.26.1.1" displayName="BOTTLE"/>
                              <asContent>
                                 <quantity>
                                    <numerator unit="1" value="1"/>
                                    <denominator value="1"/>
                                 </quantity>
                                 <containerPackagedProduct>
                                    <code code="0113-0368-76" codeSystem="2.16.840.1.113883.6.69"/>
                                    <formCode code="C43182" codeSystem="2.16.840.1.113883.3.26.1.1" displayName="CARTON"/>
                                 </containerPackagedProduct>
                              </asContent>
                           </containerPackagedProduct>
                        </asContent>
                        <asContent>
                           <quantity>
                              <numerator unit="1" value="400"/>
                              <denominator value="1"/>
                           </quantity>
                           <containerPackagedProduct>
                              <code code="0113-0368-79" codeSystem="2.16.840.1.113883.6.69"/>
                              <formCode code="C43169" codeSystem="2.16.840.1.113883.3.26.1.1" displayName="BOTTLE"/>
                           </containerPackagedProduct>
                        </asContent>
                     </manufacturedProduct>
                     <subjectOf>
                        <approval>
                           <id extension="ANDA074661" root="2.16.840.1.113883.3.150"/>
                           <code code="C73584" codeSystem="2.16.840.1.113883.3.26.1.1" displayName="ANDA"/>
                           <author>
                              <territorialAuthority>
                                 <territory>
                                    <code code="USA" codeSystem="2.16.840.1.113883.5.28"/>
                                 </territory>
                              </territorialAuthority>
                           </author>
                        </approval>
                     </subjectOf>
                     <subjectOf>
                        <marketingAct>
                           <code code="C53292" codeSystem="2.16.840.1.113883.3.26.1.1"/>
                           <statusCode code="active"/>
                           <effectiveTime>
                              <low value="19970114"/>
                           </effectiveTime>
                        </marketingAct>
                     </subjectOf>
                     <subjectOf>
                        <characteristic classCode="OBS">
                           <code code="SPLCOLOR" codeSystem="2.16.840.1.113883.1.11.19255"/>
                           <value code="C48333" codeSystem="2.16.840.1.113883.3.26.1.1" displayName="BLUE" xsi:type="CE">
                              <originalText>Light Blue</originalText>
                           </value>
                        </characteristic>
                     </subjectOf>
                     <subjectOf>
                        <characteristic classCode="OBS">
                           <code code="SPLSIZE" codeSystem="2.16.840.1.113883.1.11.19255"/>
                           <value unit="mm" value="12" xsi:type="PQ"/>
                        </characteristic>
                     </subjectOf>
                     <subjectOf>
                        <characteristic classCode="OBS">
                           <code code="SPLSHAPE" codeSystem="2.16.840.1.113883.1.11.19255"/>
                           <value code="C48336" codeSystem="2.16.840.1.113883.3.26.1.1" displayName="CAPSULE" xsi:type="CE">
                              <originalText>oval</originalText>
                           </value>
                        </characteristic>
                     </subjectOf>
                     <subjectOf>
                        <characteristic classCode="OBS">
                           <code code="SPLSCORE" codeSystem="2.16.840.1.113883.1.11.19255"/>
                           <value value="1" xsi:type="INT"/>
                        </characteristic>
                     </subjectOf>
                     <subjectOf>
                        <characteristic classCode="OBS">
                           <code code="SPLIMPRINT" codeSystem="2.16.840.1.113883.1.11.19255"/>
                           <value xsi:type="ST">L368</value>
                        </characteristic>
                     </subjectOf>
                     <consumedIn>
                        <substanceAdministration>
                           <routeCode code="C38288" codeSystem="2.16.840.1.113883.3.26.1.1" displayName="ORAL"/>
                        </substanceAdministration>
                     </consumedIn>
                  </manufacturedProduct>
               </subject>
            </section>
         </component>
         <component>
            <section ID="i4i_OTC_Active_Ingredient_id_ccffc658-cc84-4a08-8c2e-41d9ded8fbdf">
               <id root="cab334b1-0c20-4e11-9d04-42e0e78b75f1"/>
               <code code="55106-9" codeSystem="2.16.840.1.113883.6.1" displayName="OTC - ACTIVE INGREDIENT SECTION"/>
               <title>Active ingredient (in each caplet)</title>
               <text>
                  <paragraph>Naproxen sodium 220 mg </paragraph>
                  <paragraph>(naproxen 200 mg) (NSAID)* </paragraph>
                  <paragraph>*nonsteroidal anti-inflammatory drug</paragraph>
               </text>
               <effectiveTime value="20131025"/>
            </section>
         </component>
         <component>
            <section ID="i4i_OTC_Purpose_id_0b7e7e4d-04a4-474a-a69c-86c1a8f80723">
               <id root="50c80d2d-1ca9-41ca-96d7-53098f9cc75c"/>
               <code code="55105-1" codeSystem="2.16.840.1.113883.6.1" displayName="OTC - PURPOSE SECTION"/>
               <title>Purpose</title>
               <text>
                  <paragraph>Pain reliever/fever reducer</paragraph>
               </text>
               <effectiveTime value="20090522"/>
            </section>
         </component>
         <component>
            <section ID="i4i_indications_id_d5796cc7-3bdc-4eae-a30f-6c8110e1e43a">
               <id root="e8bec0e1-e7c8-4f65-993f-af56e473d6d9"/>
               <code code="34067-9" codeSystem="2.16.840.1.113883.6.1" displayName="INDICATIONS &amp; USAGE SECTION"/>
               <title>Uses</title>
               <text>
                  <list listType="unordered">
                     <item>
                        <caption>•</caption>temporarily relieves minor aches and pains due to: </item>
                     <item>
                        <caption>•</caption>minor pain of arthritis </item>
                     <item>
                        <caption>•</caption>muscular aches </item>
                     <item>
                        <caption>•</caption>backache </item>
                     <item>
                        <caption>•</caption>menstrual cramps </item>
                     <item>
                        <caption>•</caption>headache </item>
                     <item>
                        <caption>•</caption>toothache </item>
                     <item>
                        <caption>•</caption>the common cold </item>
                     <item>
                        <caption>•</caption>temporarily reduces fever </item>
                  </list>
               </text>
               <effectiveTime value="20131025"/>
            </section>
         </component>
         <component>
            <section ID="i4i_warnings_id_e2465341-da76-41a0-9730-d814b9350ef8">
               <id root="d798de66-cf97-4128-9bb2-354d9def17fb"/>
               <code code="34071-1" codeSystem="2.16.840.1.113883.6.1" displayName="WARNINGS SECTION"/>
               <title>Warnings</title>
               <text>
                  <paragraph>Allergy alert: Naproxen sodium may cause a severe allergic reaction, especially in people allergic to aspirin. Symptoms may include:</paragraph>
                  <list listType="unordered">
                     <item>
                        <caption>•</caption>hives </item>
                     <item>
                        <caption>•</caption>facial swelling </item>
                     <item>
                        <caption>•</caption>asthma (wheezing) </item>
                     <item>
                        <caption>•</caption>shock </item>
                     <item>
                        <caption>•</caption>skin reddening </item>
                     <item>
                        <caption>•</caption>rash </item>
                     <item>
                        <caption>•</caption>blisters </item>
                  </list>
                  <paragraph>If an allergic reaction occurs, stop use and seek medical help right away.</paragraph>
                  <paragraph>Stomach bleeding warning: This product contains an NSAID, which may cause severe stomach bleeding. The chance is higher if you</paragraph>
                  <list listType="unordered">
                     <item>
                        <caption>•</caption>are age 60 or older </item>
                     <item>
                        <caption>•</caption>have had stomach ulcers or bleeding problems </item>
                     <item>
                        <caption>•</caption>take a blood thinning (anticoagulant) or steroid drug </item>
                     <item>
                        <caption>•</caption>take other drugs containing prescription or nonprescription NSAIDs (aspirin, ibuprofen, naproxen, or others) </item>
                     <item>
                        <caption>•</caption>have 3 or more alcoholic drinks every day while using this product </item>
                     <item>
                        <caption>•</caption>take more or for a longer time than directed </item>
                  </list>
               </text>
               <effectiveTime value="20131025"/>
               <component>
                  <section ID="i4i_OTC_Do_not_use_id_5669f590-1a5b-4420-a9dd-c98e1a15fa06">
                     <id root="3b8ba10c-e90f-41cf-8f91-d3c52149e21b"/>
                     <code code="50570-1" codeSystem="2.16.840.1.113883.6.1" displayName="OTC - DO NOT USE SECTION"/>
                     <title>Do not use </title>
                     <text>
                        <list listType="unordered">
                           <item>
                              <caption>•</caption>if you have ever had an allergic reaction to any other pain reliever/fever reducer </item>
                           <item>
                              <caption>•</caption>right before or after heart surgery </item>
                        </list>
                     </text>
                     <effectiveTime value="20131025"/>
                  </section>
               </component>
               <component>
                  <section ID="i4i_OTC_Ask_Doctor_id_0ab319a0-60ff-4725-9432-ab649c699d31">
                     <id root="0d8c27a5-9307-4fd5-b1fd-8f5cf9634f58"/>
                     <code code="50569-3" codeSystem="2.16.840.1.113883.6.1" displayName="OTC - ASK DOCTOR SECTION"/>
                     <title>Ask a doctor before use if</title>
                     <text>
                        <list listType="unordered">
                           <item>
                              <caption>•</caption>the stomach bleeding warning applies to you </item>
                           <item>
                              <caption>•</caption>you have a history of stomach problems, such as heartburn </item>
                           <item>
                              <caption>•</caption>you have high blood pressure, heart disease, liver cirrhosis, or kidney disease </item>
                           <item>
                              <caption>•</caption>you are taking a diuretic </item>
                           <item>
                              <caption>•</caption>you have problems or serious side effects from taking pain relievers or fever reducers </item>
                           <item>
                              <caption>•</caption>you have asthma </item>
                        </list>
                     </text>
                     <effectiveTime value="20131025"/>
                  </section>
               </component>
               <component>
                  <section ID="i4i_OTC_Ask_Doctor_Pharmacist_id_5696d0d0-a671-47a5-81a8-94e80c4d4a44">
                     <id root="3b0b06f4-5a7c-4346-874d-94d3d55da06d"/>
                     <code code="50568-5" codeSystem="2.16.840.1.113883.6.1" displayName="OTC - ASK DOCTOR/PHARMACIST SECTION"/>
                     <title>Ask a doctor or pharmacist before use if you are</title>
                     <text>
                        <list listType="unordered">
                           <item>
                              <caption>•</caption>under a doctor’s care for any serious condition </item>
                           <item>
                              <caption>•</caption>taking any other drug </item>
                        </list>
                     </text>
                     <effectiveTime value="20131025"/>
                  </section>
               </component>
               <component>
                  <section ID="i4i_OTC_When_Using_id_955cd112-971e-4336-8e68-0e4ea74bc637">
                     <id root="dcc6c2da-1499-4a3d-b5c9-9fdb68040208"/>
                     <code code="50567-7" codeSystem="2.16.840.1.113883.6.1" displayName="OTC - WHEN USING SECTION"/>
                     <title>When using this product</title>
                     <text>
                        <list listType="unordered">
                           <item>
                              <caption>•</caption>take with food or milk if stomach upset occurs </item>
                           <item>
                              <caption>•</caption>the risk of heart attack or stroke may increase if you use more than directed or for longer than directed </item>
                        </list>
                     </text>
                     <effectiveTime value="20131025"/>
                  </section>
               </component>
               <component>
                  <section ID="i4i_OTC_Stop_Use_id_e7b20b91-464c-4ce3-bbf4-f6b5d52fd86a">
                     <id root="ea6bde86-6dd5-4ef0-a5a3-521f005790c8"/>
                     <code code="50566-9" codeSystem="2.16.840.1.113883.6.1" displayName="OTC - STOP USE SECTION"/>
                     <title>Stop use and ask a doctor if</title>
                     <text>
                        <list listType="unordered">
                           <item>
                              <caption>•</caption>you experience any of the following signs of stomach bleeding: </item>
                           <item>
                              <caption>•</caption>feel faint </item>
                           <item>
                              <caption>•</caption>vomit blood </item>
                           <item>
                              <caption>•</caption>have bloody or black stools </item>
                           <item>
                              <caption>•</caption>have stomach pain that does not get better </item>
                           <item>
                              <caption>•</caption>pain gets worse or lasts more than 10 days </item>
                           <item>
                              <caption>•</caption>fever gets worse or lasts more than 3 days </item>
                           <item>
                              <caption>•</caption>you have difficulty swallowing </item>
                           <item>
                              <caption>•</caption>it feels like the pill is stuck in your throat </item>
                           <item>
                              <caption>•</caption>redness or swelling is present in the painful area </item>
                           <item>
                              <caption>•</caption>any new symptoms appear</item>
                        </list>
                     </text>
                     <effectiveTime value="20131025"/>
                  </section>
               </component>
               <component>
                  <section ID="i4i_OTC_Pregancy_Breastfeeding_id_b44bdf91-6546-4656-9713-2e2688ba4b43">
                     <id root="21eb7d10-bf77-40f7-bbc2-da8796176f53"/>
                     <code code="53414-9" codeSystem="2.16.840.1.113883.6.1" displayName="OTC - PREGNANCY OR BREAST FEEDING SECTION"/>
                     <title>If pregnant or breast-feeding,</title>
                     <text>
                        <paragraph>ask a health professional before use. It is especially important not to use naproxen sodium during the last 3 months of pregnancy unless definitely directed to do so by a doctor because it may cause problems in the unborn child or complications during delivery.</paragraph>
                     </text>
                     <effectiveTime value="20131025"/>
                  </section>
               </component>
               <component>
                  <section ID="i4i_OTC_Keep_Away_Children_id_fe05f1ef-5093-46ec-be38-3eb94021945c">
                     <id root="bce42d51-4a93-4724-9348-804250deb528"/>
                     <code code="50565-1" codeSystem="2.16.840.1.113883.6.1" displayName="OTC - KEEP OUT OF REACH OF CHILDREN SECTION"/>
                     <title>Keep out of reach of children.</title>
                     <text>
                        <paragraph>In case of overdose, get medical help or contact a Poison Control Center right away. (1-800-222-1222)</paragraph>
                     </text>
                     <effectiveTime value="20090522"/>
                  </section>
               </component>
            </section>
         </component>
         <component>
            <section ID="i4i_dosage_admin_id_b4449c81-2917-44ac-bc28-95b1790b5fd8">
               <id root="4f0101e2-cc35-432b-a43f-aeb06ba9b804"/>
               <code code="34068-7" codeSystem="2.16.840.1.113883.6.1" displayName="DOSAGE &amp; ADMINISTRATION SECTION"/>
               <title>Directions</title>
               <text>
                  <list listType="unordered">
                     <item>
                        <caption>•</caption>do not take more than directed </item>
                     <item>
                        <caption>•</caption>the smallest effective dose should be used </item>
                     <item>
                        <caption>•</caption>drink a full glass of water with each dose </item>
                  </list>
                  <paragraph>Adults and children 12 years and older:</paragraph>
                  <list listType="unordered">
                     <item>
                        <caption>•</caption>take 1 caplet every 8 to 12 hours while symptoms last </item>
                     <item>
                        <caption>•</caption>for the first dose you may take 2 caplets within the first hour </item>
                     <item>
                        <caption>•</caption>do not exceed 2 caplets in any 8- to 12-hour period </item>
                     <item>
                        <caption>•</caption>do not exceed 3 caplets in a 24-hour period</item>
                  </list>
                  <paragraph>Children under 12 years:</paragraph>
                  <list listType="unordered">
                     <item>
                        <caption>•</caption>ask a doctor</item>
                  </list>
               </text>
               <effectiveTime value="20131025"/>
            </section>
         </component>
         <component>
            <section ID="i4i_storage_id_c09ea962-3203-438a-9c8f-49ad7b5671c6">
               <id root="58b4b559-14ac-428a-8437-8b174b7667cd"/>
               <code code="44425-7" codeSystem="2.16.840.1.113883.6.1" displayName="STORAGE AND HANDLING SECTION"/>
               <title>Other information</title>
               <text>
                  <list listType="unordered">
                     <item>
                        <caption>•</caption>each caplet contains: sodium 21 mg </item>
                     <item>
                        <caption>•</caption>store at 20-25°C (68-77°F). Avoid high humidity and excessive heat above 40°C (104°F). </item>
                  </list>
               </text>
               <effectiveTime value="20131025"/>
            </section>
         </component>
         <component>
            <section ID="i4i_inactive_ingredients_id_fb37dbcc-5db2-4192-bedf-50b9b89fc12a">
               <id root="f550cc46-f1c5-4bc0-b6e9-7774b8521be4"/>
               <code code="51727-6" codeSystem="2.16.840.1.113883.6.1" displayName="INACTIVE INGREDIENT SECTION"/>
               <title>Inactive ingredients</title>
               <text>
                  <paragraph>FD&amp;C blue no. 2 aluminum lake, hypromellose, magnesium stearate, microcrystalline cellulose, polyethylene glycol, povidone, talc, titanium dioxide</paragraph>
               </text>
               <effectiveTime value="20090522"/>
            </section>
         </component>
         <component>
            <section ID="i4i_OTC_Questions_id_e130aa4d-7b1f-41f4-9a71-7bc3699aac48">
               <id root="11cbb89d-ada8-4167-88c7-69dbf4e42b87"/>
               <code code="53413-1" codeSystem="2.16.840.1.113883.6.1" displayName="OTC - QUESTIONS SECTION"/>
               <title>Questions or comments?</title>
               <text>
                  <paragraph>1-800-719-9260</paragraph>
               </text>
               <effectiveTime value="20131025"/>
            </section>
         </component>
         <component>
            <section ID="i4i_Principal_display_panel_id_364e649f-e652-4bfb-b063-69558b88ecad">
               <id root="d0baec3e-51e5-475a-91a1-06ed452b3787"/>
               <code code="51945-4" codeSystem="2.16.840.1.113883.6.1" displayName="PACKAGE LABEL.PRINCIPAL DISPLAY PANEL"/>
               <title>Principal Display Panel</title>
               <text>
                  <paragraph>Strength To Last 12 Hours</paragraph>
                  <paragraph>See New Warnings Information </paragraph>
                  <paragraph>All Day Pain Relief</paragraph>
                  <paragraph>Naproxen Sodium Tablets, 220 mg </paragraph>
                  <paragraph>Actual Size</paragraph>
                  <paragraph>Pain Reliever &amp; Fever Reducer (NSAID)</paragraph>
                  <paragraph>Compare to active ingredient of Aleve® Caplets</paragraph>
                  <paragraph>(**Capsule-Shaped Tablets)</paragraph>
                  <renderMultiMedia ID="id17747263" referencedObject="B02E36F7-EC86-4BFD-8410-46444F078014"/>
                  <renderMultiMedia ID="id17747269" referencedObject="A172C8AB-9FA9-4B22-818C-9590055B6C39"/>
               </text>
               <effectiveTime value="20131025"/>
               <component>
                  <observationMedia ID="B02E36F7-EC86-4BFD-8410-46444F078014">
                     <text>All Day Pain Relief Carton Image 1</text>
                     <value mediaType="image/jpeg" xsi:type="ED">
                        <reference value="426231be-c09f-494d-a8e0-b1654eaa5f65-01.jpg"/>
                     </value>
                  </observationMedia>
               </component>
               <component>
                  <observationMedia ID="A172C8AB-9FA9-4B22-818C-9590055B6C39">
                     <text>All Day Pain Relief Carton Image 2</text>
                     <value mediaType="image/jpeg" xsi:type="ED">
                        <reference value="426231be-c09f-494d-a8e0-b1654eaa5f65-02.jpg"/>
                     </value>
                  </observationMedia>
               </component>
            </section>
         </component>
      </structuredBody>
   </component>
</document>