<?xml version="1.0" encoding="UTF-8"?><?xml-stylesheet href="http://www.accessdata.fda.gov/spl/stylesheet/spl.xsl" type="text/xsl"?>
<document xmlns:xsi="http://www.w3.org/2001/XMLSchema-instance" xmlns="urn:hl7-org:v3" xsi:schemaLocation="urn:hl7-org:v3 http://www.accessdata.fda.gov/spl/schema/spl.xsd">
   <id root="5f5b8ba9-f593-4ab3-9ef3-3ad2cbab910e"/>
   <code code="34390-5" codeSystem="2.16.840.1.113883.6.1" displayName="HUMAN OTC DRUG LABEL"/>
   <title>Antibacterial Hand Soap</title>
   <effectiveTime value="20131224"/>
   <setId root="fc67e9f7-43a3-46a0-a9a1-fd3d19bbc677"/>
   <versionNumber value="1"/>
   <author>
      <time/>
      <assignedEntity>
         <representedOrganization>
            <id root="1.3.6.1.4.1.519.1" extension="161872676"/>
            <name>International Wholesale, Inc.</name>
            <assignedEntity>
               <assignedOrganization/>
            </assignedEntity>
         </representedOrganization>
      </assignedEntity>
   </author>
   <component>
      <structuredBody>
         <component>
            <section>
               <id root="bb09b1d8-61de-4beb-9e30-16459eb10ca4"/>
               <code code="48780-1" codeSystem="2.16.840.1.113883.6.1" displayName="SPL listing data elements section"/>
               <effectiveTime value="20131224"/>
               <subject>
                  <manufacturedProduct>
                     <manufacturedProduct>
                        <code code="52862-308" codeSystem="2.16.840.1.113883.6.69"/>
                        <name>Health Smart Antibacterial sweet pea orchid<suffix/>
                        </name>
                        <formCode code="C42986" codeSystem="2.16.840.1.113883.3.26.1.1" displayName="SOLUTION"/>
                        <asEntityWithGeneric>
                           <genericMedicine>
                              <name>TRICLOSAN</name>
                           </genericMedicine>
                        </asEntityWithGeneric>
                        <ingredient classCode="ACTIB">
                           <quantity>
                              <numerator value="0.15" unit="mg"/>
                              <denominator value="100" unit="mL"/>
                           </quantity>
                           <ingredientSubstance>
                              <code code="4NM5039Y5X" codeSystem="2.16.840.1.113883.4.9"/>
                              <name>TRICLOSAN</name>
                              <activeMoiety>
                                 <activeMoiety>
                                    <code code="4NM5039Y5X" codeSystem="2.16.840.1.113883.4.9"/>
                                    <name>TRICLOSAN</name>
                                 </activeMoiety>
                              </activeMoiety>
                           </ingredientSubstance>
                        </ingredient>
                        <ingredient classCode="IACT">
                           <ingredientSubstance>
                              <code code="059QF0KO0R" codeSystem="2.16.840.1.113883.4.9"/>
                              <name>WATER</name>
                           </ingredientSubstance>
                        </ingredient>
                        <ingredient classCode="IACT">
                           <ingredientSubstance>
                              <code code="BPV390UAP0" codeSystem="2.16.840.1.113883.4.9"/>
                              <name>SODIUM LAURETH-3 SULFATE</name>
                           </ingredientSubstance>
                        </ingredient>
                        <ingredient classCode="IACT">
                           <ingredientSubstance>
                              <code code="5OCF3O11KX" codeSystem="2.16.840.1.113883.4.9"/>
                              <name>COCAMIDOPROPYL BETAINE</name>
                           </ingredientSubstance>
                        </ingredient>
                        <ingredient classCode="IACT">
                           <ingredientSubstance>
                              <code code="368GB5141J" codeSystem="2.16.840.1.113883.4.9"/>
                              <name>SODIUM LAURYL SULFATE</name>
                           </ingredientSubstance>
                        </ingredient>
                        <ingredient classCode="IACT">
                           <ingredientSubstance>
                              <code code="451W47IQ8X" codeSystem="2.16.840.1.113883.4.9"/>
                              <name>SODIUM CHLORIDE</name>
                           </ingredientSubstance>
                        </ingredient>
                        <ingredient classCode="IACT">
                           <ingredientSubstance>
                              <code code="PDC6A3C0OX" codeSystem="2.16.840.1.113883.4.9"/>
                              <name>GLYCERIN</name>
                           </ingredientSubstance>
                        </ingredient>
                        <ingredient classCode="IACT">
                           <ingredientSubstance>
                              <code code="2968PHW8QP" codeSystem="2.16.840.1.113883.4.9"/>
                              <name>CITRIC ACID MONOHYDRATE</name>
                           </ingredientSubstance>
                        </ingredient>
                        <ingredient classCode="IACT">
                           <ingredientSubstance>
                              <code code="6F36Q0I0AC" codeSystem="2.16.840.1.113883.4.9"/>
                              <name>PEG-150 DISTEARATE</name>
                           </ingredientSubstance>
                        </ingredient>
                        <ingredient classCode="IACT">
                           <ingredientSubstance>
                              <code code="DEL7T5QRPN" codeSystem="2.16.840.1.113883.4.9"/>
                              <name>METHYLCHLOROISOTHIAZOLINONE</name>
                           </ingredientSubstance>
                        </ingredient>
                        <ingredient classCode="IACT">
                           <ingredientSubstance>
                              <code code="229D0E1QFA" codeSystem="2.16.840.1.113883.4.9"/>
                              <name>METHYLISOTHIAZOLINONE</name>
                           </ingredientSubstance>
                        </ingredient>
                        <ingredient classCode="IACT">
                           <ingredientSubstance>
                              <code code="WZB9127XOA" codeSystem="2.16.840.1.113883.4.9"/>
                              <name>FD&amp;C RED NO. 40</name>
                           </ingredientSubstance>
                        </ingredient>
                        <ingredient classCode="IACT">
                           <ingredientSubstance>
                              <code code="I753WB2F1M" codeSystem="2.16.840.1.113883.4.9"/>
                              <name>FD&amp;C YELLOW NO. 5</name>
                           </ingredientSubstance>
                        </ingredient>
                        <asContent>
                           <quantity>
                              <numerator value="221" unit="mL"/>
                              <denominator value="1"/>
                           </quantity>
                           <containerPackagedProduct>
                              <code code="52862-308-75" codeSystem="2.16.840.1.113883.6.69"/>
                              <formCode code="C43169" codeSystem="2.16.840.1.113883.3.26.1.1" displayName="BOTTLE"/>
                           </containerPackagedProduct>
                        </asContent>
                     </manufacturedProduct>
                     <subjectOf>
                        <marketingAct>
                           <code code="C53292" codeSystem="2.16.840.1.113883.3.26.1.1"/>
                           <statusCode code="active"/>
                           <effectiveTime>
                              <low value="20131224"/>
                           </effectiveTime>
                        </marketingAct>
                     </subjectOf>
                     <subjectOf>
                        <approval>
                           <id extension="part333E" root="2.16.840.1.113883.3.149"/>
                           <code code="C73604" codeSystem="2.16.840.1.113883.3.26.1.1" displayName="OTC monograph not final"/>
                           <author>
                              <territorialAuthority>
                                 <territory>
                                    <code code="USA" codeSystem="2.16.840.1.113883.5.28"/>
                                 </territory>
                              </territorialAuthority>
                           </author>
                        </approval>
                     </subjectOf>
                     <consumedIn>
                        <substanceAdministration>
                           <routeCode code="C38304" codeSystem="2.16.840.1.113883.3.26.1.1" displayName="TOPICAL"/>
                        </substanceAdministration>
                     </consumedIn>
                  </manufacturedProduct>
               </subject>
            </section>
         </component>
         <component>
            <section>
               <id root="5cf40b18-f777-4526-9ccb-5704c0ce5051"/>
               <code code="55106-9" codeSystem="2.16.840.1.113883.6.1" displayName="OTC - ACTIVE INGREDIENT SECTION"/>
               <title styleCode="italics">Drug Facts</title>
               <text>
                  <paragraph styleCode="bold italics">Active Ingredients</paragraph>
                  <paragraph>Triclosan 0.15%<br/>
                  </paragraph>
               </text>
               <effectiveTime value="20131224"/>
            </section>
         </component>
         <component>
            <section>
               <id root="0058d9d5-0cc0-4614-9b42-5ea98f11a8f4"/>
               <code code="55105-1" codeSystem="2.16.840.1.113883.6.1" displayName="OTC - PURPOSE SECTION"/>
               <title styleCode="italics">Purpose</title>
               <text>
                  <paragraph>Antibacterial</paragraph>
               </text>
               <effectiveTime value="20131224"/>
            </section>
         </component>
         <component>
            <section>
               <id root="4075d3c5-79f9-4350-98da-fdb2cc0663ac"/>
               <code code="34067-9" codeSystem="2.16.840.1.113883.6.1" displayName="INDICATIONS &amp; USAGE SECTION"/>
               <title styleCode="italics">Uses</title>
               <text>
                  <paragraph>for hand washing to help eliminate bacteria on the skin.
						</paragraph>
               </text>
               <effectiveTime value="20131224"/>
            </section>
         </component>
         <component>
            <section>
               <id root="635a9520-07c5-4620-9530-30ea4483ea1a"/>
               <code code="34071-1" codeSystem="2.16.840.1.113883.6.1" displayName="WARNINGS SECTION"/>
               <title styleCode="italics">Warnings</title>
               <text>
                  <paragraph>for external use only.</paragraph>
               </text>
               <effectiveTime value="20131224"/>
            </section>
         </component>
         <component>
            <section>
               <id root="ee2a540c-b7b7-4d0d-ad39-bc78106d347f"/>
               <code code="50567-7" codeSystem="2.16.840.1.113883.6.1" displayName="OTC - WHEN USING SECTION"/>
               <text>
                  <paragraph>
                     <content styleCode="bold">When using this product</content> avoid contact with eyes. If case of eye contact, flush with water.<br/>
                  </paragraph>
               </text>
               <effectiveTime value="20131224"/>
            </section>
         </component>
         <component>
            <section>
               <id root="62378379-0e71-46d8-b274-3a35fa1a2dfa"/>
               <code code="50566-9" codeSystem="2.16.840.1.113883.6.1" displayName="OTC - STOP USE SECTION"/>
               <text>
                  <paragraph>
                     <content styleCode="bold">Stop use and ask a doctor if:</content> irritation and redness develops. </paragraph>
               </text>
               <effectiveTime value="20131224"/>
            </section>
         </component>
         <component>
            <section>
               <id root="eb7af6a0-9d9c-4eca-8f3c-d95950b318bd"/>
               <code code="50565-1" codeSystem="2.16.840.1.113883.6.1" displayName="OTC - KEEP OUT OF REACH OF CHILDREN SECTION"/>
               <text>
                  <paragraph>
                     <content styleCode="bold">Keep out of reach of children.</content> If swallowed, get medical help or contact a Poison Control Center right away.<br/>
                  </paragraph>
               </text>
               <effectiveTime value="20131224"/>
            </section>
         </component>
         <component>
            <section>
               <id root="95f033d1-e478-4b1b-8167-2b21a586658a"/>
               <code code="34068-7" codeSystem="2.16.840.1.113883.6.1" displayName="DOSAGE &amp; ADMINISTRATION SECTION"/>
               <title styleCode="italics">Directions</title>
               <text>
                  <paragraph/>
                  <list listType="unordered" ID="id_158ed3e3-6e57-4323-a5c0-638cd20478c8">
                     <item>pump into hands</item>
                     <item>lather vigorously for at least 15 seconds</item>
                     <item>rinse and dry thoroughly.</item>
                  </list>
               </text>
               <effectiveTime value="20131224"/>
            </section>
         </component>
         <component>
            <section>
               <id root="1fa0423d-d422-4224-a312-64266c3cfba6"/>
               <code code="42229-5" codeSystem="2.16.840.1.113883.6.1" displayName="SPL UNCLASSIFIED SECTION"/>
               <title styleCode="italics">Other information:</title>
               <text>
                  <paragraph>store at room temperature.</paragraph>
               </text>
               <effectiveTime value="20131224"/>
            </section>
         </component>
         <component>
            <section>
               <id root="d476d6cc-bfdc-4797-b95c-096c4a852679"/>
               <code code="51727-6" codeSystem="2.16.840.1.113883.6.1" displayName="INACTIVE INGREDIENT SECTION"/>
               <title styleCode="italics">Inactive ingredients</title>
               <text>
                  <paragraph>Water, Sodium Laureth Sulfate, Cocamidopropyl Betaine, Sodium Lauryl Sulfate, Sodium Chloride, Fragrance, Glycerin, Citric Acid, PEG-150 Distearate, Methylchloroisothiazolinone, Methylisothiazolinone, FD&amp;C Blue No. 40,  FD&amp;C Yellow No. 5</paragraph>
               </text>
               <effectiveTime value="20131224"/>
            </section>
         </component>
         <component>
            <section>
               <id root="15e20439-b25c-4e22-9227-bf55cdeecf91"/>
               <code code="42229-5" codeSystem="2.16.840.1.113883.6.1" displayName="SPL UNCLASSIFIED SECTION"/>
               <title/>
               <text>
                  <paragraph styleCode="bold"> MADE IN CHINA.</paragraph>
                  <paragraph styleCode="bold">DISTRIBUTED BY:<br/>
						homesmart<sup>TM</sup>
                     <br/>
						PRODUCTS<br/>
						SOUTHFIELD, MI 48075<br/>
						WWW.HOMESMARTPRODUCTS.COM
						</paragraph>
               </text>
               <effectiveTime value="20110701"/>
            </section>
         </component>
         <component>
            <section>
               <id root="ee26a31c-44c8-44c4-be28-d2b76a4323b4"/>
               <code code="51945-4" codeSystem="2.16.840.1.113883.6.1" displayName="PACKAGE LABEL.PRINCIPAL DISPLAY PANEL"/>
               <title>Package Label</title>
               <text>
                  <paragraph> ELIMINATES BACTERIA •MOISTURIZES SKIN</paragraph>
                  <paragraph>HEALTH SMART<sup>TM</sup>
                     <br/> sweet pea orchid
						<br/>ANTIBACTERIAL
						<br/>HAND SOAP
						<br/>7.5 FL OZ [221 mL]
						</paragraph>
                  <paragraph>
                     <renderMultiMedia referencedObject="MM1"/>
                  </paragraph>
               </text>
               <effectiveTime value="20131224"/>
               <component>
                  <observationMedia classCode="OBS" moodCode="EVN" ID="MM1">
                     <text>Label</text>
                     <value xsi:type="ED" mediaType="image/jpeg">
                        <reference value="image-01.jpg"/>
                     </value>
                  </observationMedia>
               </component>
            </section>
         </component>
      </structuredBody>
   </component>
</document>