<?xml version="1.0" encoding="UTF-8"?><?xml-stylesheet href="http://www.accessdata.fda.gov/spl/stylesheet/spl.xsl" type="text/xsl"?>
<document xmlns="urn:hl7-org:v3" xmlns:xsi="http://www.w3.org/2001/XMLSchema-instance" xsi:schemaLocation="urn:hl7-org:v3 http://www.accessdata.fda.gov/spl/schema/spl.xsd">
   <id root="e969bbf3-0665-4a43-8996-fe871363838e"/>
   <code code="34390-5" codeSystem="2.16.840.1.113883.6.1" displayName="HUMAN OTC DRUG LABEL"/>
   <title>No7 Lift and Luminate Foundation Sunscreen Broad Spectrum SPF15 Warm Ivory</title>
   <effectiveTime value="20131127"/>
   <setId root="74a64de0-b4b7-43d4-89ec-f4718f28fe7a"/>
   <versionNumber value="1"/>
   <author>
      <time/>
      <assignedEntity>
         <representedOrganization>
            <id root="1.3.6.1.4.1.519.1" extension="275359578"/>
            <name>BCM Cosmetique SAS</name>
            <assignedEntity>
               <assignedOrganization>
                  <id extension="218622660" root="1.3.6.1.4.1.519.1"/>
                  <name>The Boots Company PLC</name>
                  <assignedEntity>
                     <assignedOrganization>
                        <id root="1.3.6.1.4.1.519.1" extension="275359578"/>
                        <name>BCM Cosmetique SAS</name>
                     </assignedOrganization>
                     <performance>
                        <actDefinition>
                           <code code="C43360" displayName="manufacture" codeSystem="2.16.840.1.113883.3.26.1.1"/>
                           <product>
                              <manufacturedProduct classCode="MANU">
                                 <manufacturedMaterialKind>
                                    <code code="61589-6015" codeSystem="2.16.840.1.113883.6.69"/>
                                 </manufacturedMaterialKind>
                              </manufacturedProduct>
                           </product>
                        </actDefinition>
                     </performance>
                  </assignedEntity>
               </assignedOrganization>
            </assignedEntity>
         </representedOrganization>
      </assignedEntity>
   </author>
   <component>
      <structuredBody>
         <component>
            <section>
               <id root="254fa216-7ed6-4844-8f91-50e9fbb7f53d"/>
               <code code="48780-1" codeSystem="2.16.840.1.113883.6.1" displayName="SPL product data elements section"/>
               <title/>
               <text/>
               <effectiveTime value="20131210"/>
               <subject>
                  <manufacturedProduct>
                     <manufacturedProduct>
                        <code code="61589-6015" codeSystem="2.16.840.1.113883.6.69"/>
                        <name>No7 Lift and Luminate Foundation Sunscreen Broad Spectrum SPF 15 Warm Ivory</name>
                        <formCode code="C28944" codeSystem="2.16.840.1.113883.3.26.1.1" displayName="CREAM"/>
                        <asEntityWithGeneric>
                           <genericMedicine>
                              <name>Octinoxate</name>
                           </genericMedicine>
                        </asEntityWithGeneric>
                        <ingredient classCode="ACTIB">
                           <quantity>
                              <numerator value="7.5" unit="g"/>
                              <denominator value="30" unit="g"/>
                           </quantity>
                           <ingredientSubstance>
                              <code code="4Y5P7MUD51" codeSystem="2.16.840.1.113883.4.9"/>
                              <name>Octinoxate</name>
                              <activeMoiety>
                                 <activeMoiety>
                                    <code code="4Y5P7MUD51" codeSystem="2.16.840.1.113883.4.9"/>
                                    <name>OCTINOXATE</name>
                                 </activeMoiety>
                              </activeMoiety>
                           </ingredientSubstance>
                        </ingredient>
                        <ingredient classCode="IACT">
                           <ingredientSubstance>
                              <code code="059QF0KO0R" codeSystem="2.16.840.1.113883.4.9"/>
                              <name>WATER</name>
                           </ingredientSubstance>
                        </ingredient>
                        <ingredient classCode="IACT">
                           <ingredientSubstance>
                              <code code="0THT5PCI0R" codeSystem="2.16.840.1.113883.4.9"/>
                              <name>CYCLOMETHICONE 5</name>
                           </ingredientSubstance>
                        </ingredient>
                        <ingredient classCode="IACT">
                           <ingredientSubstance>
                              <code code="PDC6A3C0OX" codeSystem="2.16.840.1.113883.4.9"/>
                              <name>GLYCERIN</name>
                           </ingredientSubstance>
                        </ingredient>
                        <ingredient classCode="IACT">
                           <ingredientSubstance>
                              <code code="7SEV7J4R1U" codeSystem="2.16.840.1.113883.4.9"/>
                              <name>TALC</name>
                           </ingredientSubstance>
                        </ingredient>
                        <ingredient classCode="IACT">
                           <ingredientSubstance>
                              <code code="V8A1AW0880" codeSystem="2.16.840.1.113883.4.9"/>
                              <name>MICA</name>
                           </ingredientSubstance>
                        </ingredient>
                        <ingredient classCode="IACT">
                           <ingredientSubstance>
                              <code code="1DI56QDM62" codeSystem="2.16.840.1.113883.4.9"/>
                              <name>LECITHIN, SOYBEAN</name>
                           </ingredientSubstance>
                        </ingredient>
                        <ingredient classCode="IACT">
                           <ingredientSubstance>
                              <code code="EG3PA2K3K5" codeSystem="2.16.840.1.113883.4.9"/>
                              <name>ETHYLHEXYL STEARATE</name>
                           </ingredientSubstance>
                        </ingredient>
                        <ingredient classCode="IACT">
                           <ingredientSubstance>
                              <code code="06YD7896S3" codeSystem="2.16.840.1.113883.4.9"/>
                              <name>TRIHYDROXYSTEARIN</name>
                           </ingredientSubstance>
                        </ingredient>
                        <ingredient classCode="IACT">
                           <ingredientSubstance>
                              <code code="X687XDK09L" codeSystem="2.16.840.1.113883.4.9"/>
                              <name>DISTEARDIMONIUM HECTORITE</name>
                           </ingredientSubstance>
                        </ingredient>
                        <ingredient classCode="IACT">
                           <ingredientSubstance>
                              <code code="XHK3U310BA" codeSystem="2.16.840.1.113883.4.9"/>
                              <name>CYCLOMETHICONE 6</name>
                           </ingredientSubstance>
                        </ingredient>
                        <ingredient classCode="IACT">
                           <ingredientSubstance>
                              <code code="RSA9I561OK" codeSystem="2.16.840.1.113883.4.9"/>
                              <name>DIMETHICONE/DIENE DIMETHICONE CROSSPOLYMER</name>
                           </ingredientSubstance>
                        </ingredient>
                        <ingredient classCode="IACT">
                           <ingredientSubstance>
                              <code code="92RU3N3Y1O" codeSystem="2.16.840.1.113883.4.9"/>
                              <name>DIMETHICONE</name>
                           </ingredientSubstance>
                        </ingredient>
                        <ingredient classCode="IACT">
                           <ingredientSubstance>
                              <code code="DE08037SAB" codeSystem="2.16.840.1.113883.4.9"/>
                              <name>MAGNESIUM SULFATE</name>
                           </ingredientSubstance>
                        </ingredient>
                        <ingredient classCode="IACT">
                           <ingredientSubstance>
                              <code code="2V52R0NHXW" codeSystem="2.16.840.1.113883.4.9"/>
                              <name>ASCORBYL GLUCOSIDE</name>
                           </ingredientSubstance>
                        </ingredient>
                        <ingredient classCode="IACT">
                           <ingredientSubstance>
                              <code code="HIE492ZZ3T" codeSystem="2.16.840.1.113883.4.9"/>
                              <name>PHENOXYETHANOL</name>
                           </ingredientSubstance>
                        </ingredient>
                        <ingredient classCode="IACT">
                           <ingredientSubstance>
                              <code code="3XUS85K0RA" codeSystem="2.16.840.1.113883.4.9"/>
                              <name>BUTYLENE GLYCOL</name>
                           </ingredientSubstance>
                        </ingredient>
                        <ingredient classCode="IACT">
                           <ingredientSubstance>
                              <code code="9H0AO7T794" codeSystem="2.16.840.1.113883.4.9"/>
                              <name>PEG/PPG-18/18 DIMETHICONE</name>
                           </ingredientSubstance>
                        </ingredient>
                        <ingredient classCode="IACT">
                           <ingredientSubstance>
                              <code code="9E8X80D2L0" codeSystem="2.16.840.1.113883.4.9"/>
                              <name>.ALPHA.-TOCOPHEROL ACETATE</name>
                           </ingredientSubstance>
                        </ingredient>
                        <ingredient classCode="IACT">
                           <ingredientSubstance>
                              <code code="DR0K5NOJ4R" codeSystem="2.16.840.1.113883.4.9"/>
                              <name>PHENYL TRIMETHICONE</name>
                           </ingredientSubstance>
                        </ingredient>
                        <ingredient classCode="IACT">
                           <ingredientSubstance>
                              <code code="8D08K3S51E" codeSystem="2.16.840.1.113883.4.9"/>
                              <name>PROPYLENE CARBONATE</name>
                           </ingredientSubstance>
                        </ingredient>
                        <ingredient classCode="IACT">
                           <ingredientSubstance>
                              <code code="8HTD3WU8LH" codeSystem="2.16.840.1.113883.4.9"/>
                              <name>ACTINIDIA CHINENSIS WHOLE</name>
                           </ingredientSubstance>
                        </ingredient>
                        <ingredient classCode="IACT">
                           <ingredientSubstance>
                              <code code="V2W71V8T0X" codeSystem="2.16.840.1.113883.4.9"/>
                              <name>CETYL PEG/PPG-10/1 DIMETHICONE (HLB 2)</name>
                           </ingredientSubstance>
                        </ingredient>
                        <ingredient classCode="IACT">
                           <ingredientSubstance>
                              <code code="4CG9F9W01Q" codeSystem="2.16.840.1.113883.4.9"/>
                              <name>HEXYL LAURATE</name>
                           </ingredientSubstance>
                        </ingredient>
                        <ingredient classCode="IACT">
                           <ingredientSubstance>
                              <code code="820DPX33S7" codeSystem="2.16.840.1.113883.4.9"/>
                              <name>POLYGLYCERYL-4 ISOSTEARATE</name>
                           </ingredientSubstance>
                        </ingredient>
                        <ingredient classCode="IACT">
                           <ingredientSubstance>
                              <code code="A2I8C7HI9T" codeSystem="2.16.840.1.113883.4.9"/>
                              <name>METHYLPARABEN</name>
                           </ingredientSubstance>
                        </ingredient>
                        <ingredient classCode="IACT">
                           <ingredientSubstance>
                              <code code="5P8D0Z74RG" codeSystem="2.16.840.1.113883.4.9"/>
                              <name>AVENA SATIVA WHOLE</name>
                           </ingredientSubstance>
                        </ingredient>
                        <ingredient classCode="IACT">
                           <ingredientSubstance>
                              <code code="14255EXE39" codeSystem="2.16.840.1.113883.4.9"/>
                              <name>ETHYLPARABEN</name>
                           </ingredientSubstance>
                        </ingredient>
                        <ingredient classCode="IACT">
                           <ingredientSubstance>
                              <code code="WZH3C48M4T" codeSystem="2.16.840.1.113883.4.9"/>
                              <name>POTASSIUM HYDROXIDE</name>
                           </ingredientSubstance>
                        </ingredient>
                        <ingredient classCode="IACT">
                           <ingredientSubstance>
                              <code code="1D1K0N0VVC" codeSystem="2.16.840.1.113883.4.9"/>
                              <name>VITAMIN A PALMITATE</name>
                           </ingredientSubstance>
                        </ingredient>
                        <ingredient classCode="IACT">
                           <ingredientSubstance>
                              <code code="LDC331P08E" codeSystem="2.16.840.1.113883.4.9"/>
                              <name>TRIETHOXYCAPRYLYLSILANE</name>
                           </ingredientSubstance>
                        </ingredient>
                        <ingredient classCode="IACT">
                           <ingredientSubstance>
                              <code code="YSE9PPT4TH" codeSystem="2.16.840.1.113883.4.9"/>
                              <name>HYALURONATE SODIUM</name>
                           </ingredientSubstance>
                        </ingredient>
                        <ingredient classCode="IACT">
                           <ingredientSubstance>
                              <code code="3K9958V90M" codeSystem="2.16.840.1.113883.4.9"/>
                              <name>ALCOHOL</name>
                           </ingredientSubstance>
                        </ingredient>
                        <ingredient classCode="IACT">
                           <ingredientSubstance>
                              <code code="24GB753W3B" codeSystem="2.16.840.1.113883.4.9"/>
                              <name>LUPINUS ALBUS SEED</name>
                           </ingredientSubstance>
                        </ingredient>
                        <ingredient classCode="IACT">
                           <ingredientSubstance>
                              <code code="Z135WT9208" codeSystem="2.16.840.1.113883.4.9"/>
                              <name>CARBOMER 934</name>
                           </ingredientSubstance>
                        </ingredient>
                        <ingredient classCode="IACT">
                           <ingredientSubstance>
                              <code code="7T1F30V5YH" codeSystem="2.16.840.1.113883.4.9"/>
                              <name>POLYSORBATE 20</name>
                           </ingredientSubstance>
                        </ingredient>
                        <ingredient classCode="IACT">
                           <ingredientSubstance>
                              <code code="147D247K3P" codeSystem="2.16.840.1.113883.4.9"/>
                              <name>ETHYLHEXYLGLYCERIN</name>
                           </ingredientSubstance>
                        </ingredient>
                        <ingredient classCode="IACT">
                           <ingredientSubstance>
                              <code code="PQ6CK8PD0R" codeSystem="2.16.840.1.113883.4.9"/>
                              <name>ASCORBIC ACID</name>
                           </ingredientSubstance>
                        </ingredient>
                        <ingredient classCode="IACT">
                           <ingredientSubstance>
                              <code code="R0ZB2556P8" codeSystem="2.16.840.1.113883.4.9"/>
                              <name>TOCOPHEROL</name>
                           </ingredientSubstance>
                        </ingredient>
                        <ingredient classCode="IACT">
                           <ingredientSubstance>
                              <code code="HO4ZT5S86C" codeSystem="2.16.840.1.113883.4.9"/>
                              <name>PALMITOYL OLIGOPEPTIDE</name>
                           </ingredientSubstance>
                        </ingredient>
                        <ingredient classCode="IACT">
                           <ingredientSubstance>
                              <code code="Q41S464P1R" codeSystem="2.16.840.1.113883.4.9"/>
                              <name>PALMITOYL TETRAPEPTIDE-7</name>
                           </ingredientSubstance>
                        </ingredient>
                        <ingredient classCode="IACT">
                           <ingredientSubstance>
                              <code code="EX438O2MRT" codeSystem="2.16.840.1.113883.4.9"/>
                              <name>FERRIC OXIDE YELLOW</name>
                           </ingredientSubstance>
                        </ingredient>
                        <ingredient classCode="IACT">
                           <ingredientSubstance>
                              <code code="15FIX9V2JP" codeSystem="2.16.840.1.113883.4.9"/>
                              <name>TITANIUM DIOXIDE</name>
                           </ingredientSubstance>
                        </ingredient>
                        <ingredient classCode="IACT">
                           <ingredientSubstance>
                              <code code="1K09F3G675" codeSystem="2.16.840.1.113883.4.9"/>
                              <name>FERRIC OXIDE RED</name>
                           </ingredientSubstance>
                        </ingredient>
                        <ingredient classCode="IACT">
                           <ingredientSubstance>
                              <code code="XM0M87F357" codeSystem="2.16.840.1.113883.4.9"/>
                              <name>FERROSOFERRIC OXIDE</name>
                           </ingredientSubstance>
                        </ingredient>
                        <asContent>
                           <quantity>
                              <numerator value="30" unit="g"/>
                              <denominator value="1" unit="1"/>
                           </quantity>
                           <containerPackagedProduct>
                              <code/>
                              <formCode code="C43169" displayName="BOTTLE" codeSystem="2.16.840.1.113883.3.26.1.1"/>
                              <asContent>
                                 <quantity>
                                    <numerator value="1" unit="1"/>
                                    <denominator value="1" unit="1"/>
                                 </quantity>
                                 <containerPackagedProduct>
                                    <code code="61589-6015-1" codeSystem="2.16.840.1.113883.6.69"/>
                                    <formCode code="C43182" displayName="CARTON" codeSystem="2.16.840.1.113883.3.26.1.1"/>
                                 </containerPackagedProduct>
                              </asContent>
                           </containerPackagedProduct>
                        </asContent>
                     </manufacturedProduct>
                     <subjectOf>
                        <marketingAct>
                           <code code="C53292" codeSystem="2.16.840.1.113883.3.26.1.1"/>
                           <statusCode code="active"/>
                           <effectiveTime>
                              <low value="20140103"/>
                           </effectiveTime>
                        </marketingAct>
                     </subjectOf>
                     <subjectOf>
                        <approval>
                           <id extension="part352" root="2.16.840.1.113883.3.149"/>
                           <code code="C73604" codeSystem="2.16.840.1.113883.3.26.1.1" displayName="OTC monograph not final"/>
                           <author>
                              <territorialAuthority>
                                 <territory>
                                    <code code="USA" codeSystem="2.16.840.1.113883.5.28"/>
                                 </territory>
                              </territorialAuthority>
                           </author>
                        </approval>
                     </subjectOf>
                     <consumedIn>
                        <substanceAdministration>
                           <routeCode code="C38304" codeSystem="2.16.840.1.113883.3.26.1.1" displayName="TOPICAL"/>
                        </substanceAdministration>
                     </consumedIn>
                  </manufacturedProduct>
               </subject>
            </section>
         </component>
         <component>
            <section ID="Lf1e94b80-1d48-402c-8904-309ad8a9c1c2">
               <id root="cdde4a35-a29d-4395-a806-c78a6410af4d"/>
               <code code="55106-9" codeSystem="2.16.840.1.113883.6.1" displayName="OTC - ACTIVE INGREDIENT SECTION"/>
               <title>  Carton Active Ingredients Section
</title>
               <text>
                  <paragraph>Active Ingredients</paragraph>
                  <paragraph>Octinoxate 7.5%</paragraph>
               </text>
               <effectiveTime value="20131111"/>
            </section>
         </component>
         <component>
            <section ID="L7ea36b44-41e5-4f6e-a0db-184c71b56ff5">
               <id root="89734f31-8853-4396-a865-797993104893"/>
               <code code="55105-1" codeSystem="2.16.840.1.113883.6.1" displayName="OTC - PURPOSE SECTION"/>
               <title>Uses</title>
               <text>
                  <paragraph>Uses - helps prevent sunburn</paragraph>
               </text>
               <effectiveTime value="20131030"/>
            </section>
         </component>
         <component>
            <section ID="Lb6fceb4a-ecd5-416c-86a1-b8ff5a1ca016">
               <id root="3fd7b120-f2ca-435f-8646-7bb9a337933f"/>
               <code code="43685-7" codeSystem="2.16.840.1.113883.6.1" displayName="WARNINGS AND PRECAUTIONS SECTION"/>
               <title>Warnings</title>
               <text>
                  <paragraph>For external use only</paragraph>
                  <paragraph>Do not use on damaged or broken skin</paragraph>
                  <paragraph>When using this product keep out of eyes. Rinse with water to remove</paragraph>
               </text>
               <effectiveTime value="20131030"/>
            </section>
         </component>
         <component>
            <section ID="L54e0c16d-1f22-4362-a979-a696bfc2b885">
               <id root="fe407381-9069-4941-93d4-565c3588e5ff"/>
               <code code="50569-3" codeSystem="2.16.840.1.113883.6.1" displayName="OTC - ASK DOCTOR SECTION"/>
               <title>Ask a doctor</title>
               <text>
                  <paragraph>Stop use and ask a doctor if rash occurs.</paragraph>
               </text>
               <effectiveTime value="20131030"/>
            </section>
         </component>
         <component>
            <section ID="La4e697c7-fca1-4600-995b-5f0f55560f46">
               <id root="a46a8341-09d9-4595-9c42-42fca2cf77a2"/>
               <code code="50565-1" codeSystem="2.16.840.1.113883.6.1" displayName="OTC - KEEP OUT OF REACH OF CHILDREN SECTION"/>
               <title>Keep out of reach of children</title>
               <text>
                  <paragraph>Keep out of reach of children. If swallowed, get medical help or contact a Poison Control Center right away.</paragraph>
               </text>
               <effectiveTime value="20131030"/>
            </section>
         </component>
         <component>
            <section ID="Le82a3cbd-8e77-4b8f-80f3-c8e077c1c4f3">
               <id root="5bef8b3a-bd02-4bf5-9b8e-8eb4a05b55dc"/>
               <code code="34067-9" codeSystem="2.16.840.1.113883.6.1" displayName="INDICATIONS &amp; USAGE SECTION"/>
               <title>Directions</title>
               <text>
                  <paragraph>Directions for suncreen use</paragraph>
                  <paragraph>apply liberally 15 minutes before sun exposure</paragraph>
                  <paragraph>reapply at least every 2 hours</paragraph>
                  <paragraph>use a water resistant sunscreen if swimming or sweating</paragraph>
                  <paragraph>children under 6 monhts of age: Ask a doctor</paragraph>
                  <paragraph>Sun Protection Measures. Spending time in the sun increases your risk of skin cancer and early skin aging. To decrease this risk, regularly use a sunscreen with a Broad Spectrum SPF value of 15 or higher and other sun protection measures including:</paragraph>
                  <paragraph>limit time in the sun, especially from 10 a.m. - 2 p.m.</paragraph>
                  <paragraph>wear long-sleeved shirts, pants, hats, and sunglasses</paragraph>
                  <paragraph/>
               </text>
               <effectiveTime value="20131101"/>
            </section>
         </component>
         <component>
            <section ID="Lc21c1f30-fb51-40b8-9eb8-21ca397aa258">
               <id root="fa7a6927-6112-4f82-bd14-607a7286b8fa"/>
               <code code="44425-7" codeSystem="2.16.840.1.113883.6.1" displayName="STORAGE AND HANDLING SECTION"/>
               <title/>
               <text>
                  <paragraph>Other information</paragraph>
                  <paragraph>Protect the product in this container from excessive heat and direct sun</paragraph>
               </text>
               <effectiveTime value="20131101"/>
            </section>
         </component>
         <component>
            <section ID="L781b2077-3c92-4690-9dd3-b852b6666b6a">
               <id root="84e7dfc3-2a4d-4687-9e2f-4765af4a5fbe"/>
               <code code="51727-6" codeSystem="2.16.840.1.113883.6.1" displayName="INACTIVE INGREDIENT SECTION"/>
               <title>Inactive ingredients</title>
               <text>
                  <paragraph>Aqua(Water), Cyclopentasiloxane, Glycerin, Talc, Mica, Lecithin, Ethylhexyl stearate, Trihydroxystearin, Disteardimonium hectorite, Cyclohexasiloxane, Dimethicone crosspolymer, Dimethicone, Magnesium sulfate, Ascorbyl glucoside, Phenoxyethanol, Butylene glycol, PEG/PPG-18/18 Dimethicone, Tocopheryl acetate, Phenyl trimethicone, Propylene carbonate, Actinidia chinensis(Kiwi) fruit water, Cetyl PEG/PPG-10/1 dimethicone, Hexyl laurate, Polyglyceryl-4 isostearate, Methylparaben, Avena sativa (Oat) kernel extract, Ethylparaben, Potassium hydroxide, Retinyl palmitate, Triethoxycaprylylsilane, Sodium hyaluronate, Alcohol, Lupinus albus seed extract, Carbomer, Sophora angustifolia root extract, Polysorbate 20, BT, Ethylhexylglycerin, Ascorbic acid, Tocopherol, Palmitoyl  oligopeptide, Palmitoyl tetrapeptide-7, CI 77492(Iron oxides), CI 77891(Titanium dioxide) CI 77491(Iron oxides)CI 77499(Iron oxides)</paragraph>
               </text>
               <effectiveTime value="20131101"/>
            </section>
         </component>
         <component>
            <section ID="Lc8f0b2bc-718b-4773-9d88-534c9ba54cfa">
               <id root="de7ccc67-90eb-4a5f-a580-446cd5a65170"/>
               <code code="34089-3" codeSystem="2.16.840.1.113883.6.1" displayName="DESCRIPTION SECTION"/>
               <title>Description</title>
               <text>
                  <paragraph>A luminating foundation which has been formulated with a polymer to help appear to visibly lift and give firmer feeling skin. Our Pro-retinol complex containing Lipopeptides boosts and maintains elasticity. It also contains a brightening complex to give skin a long term boost for even skin tone. Powerful antioxidants, Vitamin C and E, and SPF 15 help protect against the ageing effects of free radicals. Minimises the appearance of age spots, pores and pigmentation.</paragraph>
                  <paragraph>For Best Results: Blend smoothly and evenly with your fingers or a sponge, working downwards and outwards from the centre of your face.</paragraph>
                  <paragraph>Hypoallergenic: Because all skin can have sensitive moments all our foundation products are hypo-allergenic so they are kind to even the most sensitive skin.</paragraph>
               </text>
               <effectiveTime value="20131101"/>
            </section>
         </component>
         <component>
            <section ID="Ld28c4992-e378-47ff-8291-c6d07af3374c">
               <id root="c5922b89-feff-4a72-bce0-70eafddcbd0b"/>
               <code code="34076-0" codeSystem="2.16.840.1.113883.6.1" displayName="INFORMATION FOR PATIENTS SECTION"/>
               <title>Information</title>
               <text>
                  <paragraph>The Boots Company PLC</paragraph>
                  <paragraph>Nottingham England NG2 3AA</paragraph>
                  <paragraph>Dist. by Boots Retail USa Inc.</paragraph>
                  <paragraph>Norwalk CT 06851 USA</paragraph>
                  <paragraph>Made in France</paragraph>
                  <paragraph>
                     <linkHtml href="http://www.boots.com">www.boots.com</linkHtml>
                  </paragraph>
               </text>
               <effectiveTime value="20131101"/>
            </section>
         </component>
         <component>
            <section ID="Le33e33f8-9521-4db9-b773-533dce9d9ed6">
               <id root="83905a82-5a55-4d1f-a1b9-71a0a69e6645"/>
               <code code="55106-9" codeSystem="2.16.840.1.113883.6.1" displayName="OTC - ACTIVE INGREDIENT SECTION"/>
               <title>Jar label</title>
               <text>
                  <paragraph>No7 Lift &amp; Luminate Foundation Sunscreen Broad Spectrum SPF 15 </paragraph>
                  <paragraph>30ml e 1 US Fl.Oz.</paragraph>
                  <paragraph>Active ingredients: Octinoxate 7.5%</paragraph>
               </text>
               <effectiveTime value="20131107"/>
            </section>
         </component>
         <component>
            <section ID="L79b40e9f-2d8c-46e3-a191-1c61640780c1">
               <id root="bbbd2de4-4135-42e5-b6d1-a2714effe69f"/>
               <code code="43685-7" codeSystem="2.16.840.1.113883.6.1" displayName="WARNINGS AND PRECAUTIONS SECTION"/>
               <title>Warnings</title>
               <text>
                  <paragraph>warning: Avoid contact with eyes. If product gets into the eyes, rinse well with water immediately. </paragraph>
               </text>
               <effectiveTime value="20131107"/>
            </section>
         </component>
         <component>
            <section ID="L0ccd096b-2826-42dd-9495-45840be61618">
               <id root="61c368d9-8e41-4a66-aeaf-d8817f196f0b"/>
               <code code="34089-3" codeSystem="2.16.840.1.113883.6.1" displayName="DESCRIPTION SECTION"/>
               <title>Description</title>
               <text>
                  <paragraph>Firmer, even skin with a youthful glow, visibly firms, lifts and brightens for a more luminous complexion</paragraph>
               </text>
               <effectiveTime value="20131108"/>
            </section>
         </component>
         <component>
            <section ID="Lad9b1701-1810-494f-bab0-1d4289a0a425">
               <id root="03e5c7c9-5881-4714-b73c-a23acb212922"/>
               <code code="34076-0" codeSystem="2.16.840.1.113883.6.1" displayName="INFORMATION FOR PATIENTS SECTION"/>
               <title>Information</title>
               <text>
                  <paragraph>The Boots Company PLC</paragraph>
                  <paragraph>Nottingham England NG2 3AA.</paragraph>
                  <paragraph>Dist. by Boots Retail USA Inc.</paragraph>
                  <paragraph>Norwalk CT 06851 USA</paragraph>
                  <paragraph>Made in france</paragraph>
                  <paragraph>
                     <linkHtml href="http://www.boots.com">www.boots.com</linkHtml>
                  </paragraph>
               </text>
               <effectiveTime value="20131108"/>
            </section>
         </component>
         <component>
            <section ID="Le63eccdb-f129-4f1e-9a80-41df326dcee7">
               <id root="e438b726-2492-486e-867a-2f31f1d37cf8"/>
               <code code="51945-4" codeSystem="2.16.840.1.113883.6.1" displayName="PACKAGE LABEL.PRINCIPAL DISPLAY PANEL"/>
               <title>Foundation carton</title>
               <text>
                  <paragraph>
                     <renderMultiMedia referencedObject="L347109f0-e6c6-43ad-aa86-1627be955eb8"/>
                  </paragraph>
               </text>
               <effectiveTime value="20131111"/>
               <component>
                  <observationMedia ID="L347109f0-e6c6-43ad-aa86-1627be955eb8">
                     <text>LandLFoundationCarton</text>
                     <value mediaType="image/jpeg" xsi:type="ED">
                        <reference value="L and L Foundation Carton.jpg"/>
                     </value>
                  </observationMedia>
               </component>
            </section>
         </component>
      </structuredBody>
   </component>
</document>