<?xml version="1.0" encoding="UTF-8"?><?xml-stylesheet href="http://www.accessdata.fda.gov/spl/stylesheet/spl.xsl" type="text/xsl"?>
<document xmlns="urn:hl7-org:v3" xmlns:xsi="http://www.w3.org/2001/XMLSchema-instance" xsi:schemaLocation="urn:hl7-org:v3 http://www.accessdata.fda.gov/spl/schema/spl.xsd">
   <id root="4108b906-36c7-408a-a8dd-902da01b639c"/>
   <code code="34390-5" codeSystem="2.16.840.1.113883.6.1" displayName="HUMAN OTC DRUG LABEL"/>
   <title/>
   <effectiveTime value="20140102"/>
   <setId root="e911cb7c-1399-4e30-9d42-24125e6cf28f"/>
   <versionNumber value="2"/>
   <author>
      <time/>
      <assignedEntity>
         <representedOrganization>
            <id extension="791119022" root="1.3.6.1.4.1.519.1"/>
            <name>Preferred Pharmaceuticals, Inc.</name>
            <assignedEntity>
               <assignedOrganization>
                  <assignedEntity>
                     <assignedOrganization>
                        <id extension="791119022" root="1.3.6.1.4.1.519.1"/>
                        <name>Preferred Pharmaceuticals, Inc.</name>
                     </assignedOrganization>
                     <performance>
                        <actDefinition>
                           <code code="C73606" codeSystem="2.16.840.1.113883.3.26.1.1" displayName="REPACK"/>
                           <product>
                              <manufacturedProduct classCode="MANU">
                                 <manufacturedMaterialKind>
                                    <code code="68788-9133" codeSystem="2.16.840.1.113883.6.69"/>
                                 </manufacturedMaterialKind>
                              </manufacturedProduct>
                           </product>
                        </actDefinition>
                     </performance>
                  </assignedEntity>
               </assignedOrganization>
            </assignedEntity>
         </representedOrganization>
      </assignedEntity>
   </author>
   <component>
      <structuredBody>
         <component>
            <section>
               <id root="1c78bcea-3398-44b7-b421-3493a5422c82"/>
               <code code="48780-1" codeSystem="2.16.840.1.113883.6.1" displayName="SPL product data elements section"/>
               <effectiveTime value="20140102"/>
               <subject>
                  <manufacturedProduct>
                     <manufacturedProduct>
                        <code code="68788-9133" codeSystem="2.16.840.1.113883.6.69"/>
                        <name>Ibuprofen</name>
                        <formCode code="C42931" codeSystem="2.16.840.1.113883.3.26.1.1" displayName="TABLET, FILM COATED"/>
                        <asEntityWithGeneric>
                           <genericMedicine>
                              <name>Ibuprofen</name>
                           </genericMedicine>
                        </asEntityWithGeneric>
                        <asEquivalentEntity classCode="EQUIV">
                           <code code="C64637" codeSystem="2.16.840.1.113883.3.26.1.1"/>
                           <definingMaterialKind>
                              <code code="0904-7915" codeSystem="2.16.840.1.113883.6.69"/>
                           </definingMaterialKind>
                        </asEquivalentEntity>
                        <ingredient classCode="ACTIB">
                           <quantity>
                              <numerator unit="mg" value="200"/>
                              <denominator unit="1" value="1"/>
                           </quantity>
                           <ingredientSubstance>
                              <code code="WK2XYI10QM" codeSystem="2.16.840.1.113883.4.9"/>
                              <name>IBUPROFEN</name>
                              <activeMoiety>
                                 <activeMoiety>
                                    <code code="WK2XYI10QM" codeSystem="2.16.840.1.113883.4.9"/>
                                    <name>IBUPROFEN</name>
                                 </activeMoiety>
                              </activeMoiety>
                           </ingredientSubstance>
                        </ingredient>
                        <ingredient classCode="IACT">
                           <ingredientSubstance>
                              <code code="3NXW29V3WO" codeSystem="2.16.840.1.113883.4.9"/>
                              <name>HYPROMELLOSES</name>
                           </ingredientSubstance>
                        </ingredient>
                        <ingredient classCode="IACT">
                           <ingredientSubstance>
                              <code code="J2B2A4N98G" codeSystem="2.16.840.1.113883.4.9"/>
                              <name>LACTOSE</name>
                           </ingredientSubstance>
                        </ingredient>
                        <ingredient classCode="IACT">
                           <ingredientSubstance>
                              <code code="70097M6I30" codeSystem="2.16.840.1.113883.4.9"/>
                              <name>MAGNESIUM STEARATE</name>
                           </ingredientSubstance>
                        </ingredient>
                        <ingredient classCode="IACT">
                           <ingredientSubstance>
                              <code code="OP1R32D61U" codeSystem="2.16.840.1.113883.4.9"/>
                              <name>CELLULOSE, MICROCRYSTALLINE</name>
                           </ingredientSubstance>
                        </ingredient>
                        <ingredient classCode="IACT">
                           <ingredientSubstance>
                              <code code="VH2XOU12IE" codeSystem="2.16.840.1.113883.4.9"/>
                              <name>POLYDEXTROSE</name>
                           </ingredientSubstance>
                        </ingredient>
                        <ingredient classCode="IACT">
                           <ingredientSubstance>
                              <code code="3WJQ0SDW1A" codeSystem="2.16.840.1.113883.4.9"/>
                              <name>POLYETHYLENE GLYCOLS</name>
                           </ingredientSubstance>
                        </ingredient>
                        <ingredient classCode="IACT">
                           <ingredientSubstance>
                              <code code="5856J3G2A2" codeSystem="2.16.840.1.113883.4.9"/>
                              <name>SODIUM STARCH GLYCOLATE TYPE A POTATO</name>
                           </ingredientSubstance>
                        </ingredient>
                        <ingredient classCode="IACT">
                           <ingredientSubstance>
                              <code code="4ELV7Z65AP" codeSystem="2.16.840.1.113883.4.9"/>
                              <name>STEARIC ACID</name>
                           </ingredientSubstance>
                        </ingredient>
                        <asContent>
                           <quantity>
                              <numerator unit="1" value="20"/>
                              <denominator value="1"/>
                           </quantity>
                           <containerPackagedProduct>
                              <code code="68788-9133-2" codeSystem="2.16.840.1.113883.6.69"/>
                              <formCode code="C43173" codeSystem="2.16.840.1.113883.3.26.1.1" displayName="BOTTLE, PLASTIC"/>
                           </containerPackagedProduct>
                        </asContent>
                        <asContent>
                           <quantity>
                              <numerator unit="1" value="30"/>
                              <denominator value="1"/>
                           </quantity>
                           <containerPackagedProduct>
                              <code code="68788-9133-3" codeSystem="2.16.840.1.113883.6.69"/>
                              <formCode code="C43173" codeSystem="2.16.840.1.113883.3.26.1.1" displayName="BOTTLE, PLASTIC"/>
                           </containerPackagedProduct>
                        </asContent>
                        <asContent>
                           <quantity>
                              <numerator unit="1" value="50"/>
                              <denominator value="1"/>
                           </quantity>
                           <containerPackagedProduct>
                              <code code="68788-9133-5" codeSystem="2.16.840.1.113883.6.69"/>
                              <formCode code="C43173" codeSystem="2.16.840.1.113883.3.26.1.1" displayName="BOTTLE, PLASTIC"/>
                           </containerPackagedProduct>
                        </asContent>
                        <asContent>
                           <quantity>
                              <numerator unit="1" value="100"/>
                              <denominator value="1"/>
                           </quantity>
                           <containerPackagedProduct>
                              <code code="68788-9133-1" codeSystem="2.16.840.1.113883.6.69"/>
                              <formCode code="C43173" codeSystem="2.16.840.1.113883.3.26.1.1" displayName="BOTTLE, PLASTIC"/>
                           </containerPackagedProduct>
                        </asContent>
                     </manufacturedProduct>
                     <subjectOf>
                        <approval>
                           <id extension="part343" root="2.16.840.1.113883.3.149"/>
                           <code code="C73604" codeSystem="2.16.840.1.113883.3.26.1.1" displayName="OTC monograph not final"/>
                           <author>
                              <territorialAuthority>
                                 <territory>
                                    <code code="USA" codeSystem="2.16.840.1.113883.5.28"/>
                                 </territory>
                              </territorialAuthority>
                           </author>
                        </approval>
                     </subjectOf>
                     <subjectOf>
                        <marketingAct>
                           <code code="C53292" codeSystem="2.16.840.1.113883.3.26.1.1"/>
                           <statusCode code="active"/>
                           <effectiveTime>
                              <low value="20140102"/>
                           </effectiveTime>
                        </marketingAct>
                     </subjectOf>
                     <subjectOf>
                        <characteristic classCode="OBS">
                           <code code="SPLCOLOR" codeSystem="2.16.840.1.113883.1.11.19255"/>
                           <value code="C48332" codeSystem="2.16.840.1.113883.3.26.1.1" displayName="BROWN" xsi:type="CE"/>
                        </characteristic>
                     </subjectOf>
                     <subjectOf>
                        <characteristic classCode="OBS">
                           <code code="SPLSIZE" codeSystem="2.16.840.1.113883.1.11.19255"/>
                           <value unit="mm" value="10" xsi:type="PQ"/>
                        </characteristic>
                     </subjectOf>
                     <subjectOf>
                        <characteristic classCode="OBS">
                           <code code="SPLSHAPE" codeSystem="2.16.840.1.113883.1.11.19255"/>
                           <value code="C48348" codeSystem="2.16.840.1.113883.3.26.1.1" displayName="ROUND" xsi:type="CE"/>
                        </characteristic>
                     </subjectOf>
                     <subjectOf>
                        <characteristic classCode="OBS">
                           <code code="SPLSCORE" codeSystem="2.16.840.1.113883.1.11.19255"/>
                           <value value="1" xsi:type="INT"/>
                        </characteristic>
                     </subjectOf>
                     <subjectOf>
                        <characteristic classCode="OBS">
                           <code code="SPLIMPRINT" codeSystem="2.16.840.1.113883.1.11.19255"/>
                           <value xsi:type="ST">44;291</value>
                        </characteristic>
                     </subjectOf>
                     <consumedIn>
                        <substanceAdministration>
                           <routeCode code="C38288" codeSystem="2.16.840.1.113883.3.26.1.1" displayName="ORAL"/>
                        </substanceAdministration>
                     </consumedIn>
                  </manufacturedProduct>
               </subject>
            </section>
         </component>
         <component>
            <section ID="LINK_45fe4d3e-3bee-4936-960f-ce4b616c8fb4">
               <id root="7297727b-0a31-4e37-8e75-4ec83af0a182"/>
               <code code="55106-9" codeSystem="2.16.840.1.113883.6.1" displayName="OTC - ACTIVE INGREDIENT SECTION"/>
               <title>Active ingredient (in each brown tablet)</title>
               <text>
                  <paragraph>Ibuprofen USP, 200 mg (NSAID)*</paragraph>
                  <paragraph>*nonsteroidal anti-inflammatory drug</paragraph>
               </text>
               <effectiveTime value="20140102"/>
            </section>
         </component>
         <component>
            <section ID="LINK_2f72cddb-f987-4435-aeb9-3a8c3b6e8e4a">
               <id root="808a4646-88a6-47fd-a242-b31742d6a873"/>
               <code code="55105-1" codeSystem="2.16.840.1.113883.6.1" displayName="OTC - PURPOSE SECTION"/>
               <title>Purpose</title>
               <text>
                  <paragraph>Pain reliever/fever reducer</paragraph>
               </text>
               <effectiveTime value="20140102"/>
            </section>
         </component>
         <component>
            <section ID="LINK_e9d6b4d7-201c-4229-b99a-4f6b91a90408">
               <id root="f09084a5-6445-45d3-a750-aed8ce848f69"/>
               <code code="34067-9" codeSystem="2.16.840.1.113883.6.1" displayName="INDICATIONS &amp; USAGE SECTION"/>
               <title>Uses</title>
               <text>
                  <list listType="unordered">
                     <item>
                        <caption> </caption>temporarily relieves minor aches and pains due to:<list listType="ordered">
                           <item>
                              <caption> </caption>headache </item>
                           <item>
                              <caption> </caption>toothache </item>
                           <item>
                              <caption> </caption>backache </item>
                           <item>
                              <caption> </caption>menstrual cramps</item>
                           <item>
                              <caption> </caption>the common cold </item>
                           <item>
                              <caption> </caption>muscular aches </item>
                           <item>
                              <caption> </caption>minor pain of arthritis</item>
                        </list>
                     </item>
                     <item>
                        <caption> </caption>temporarily reduces fever</item>
                  </list>
               </text>
               <effectiveTime value="20140102"/>
            </section>
         </component>
         <component>
            <section ID="LINK_d9de1c82-9bfa-46d0-b51f-27b7a390b2d0">
               <id root="05c095f6-d009-45bc-9580-9a0c75282557"/>
               <code code="34071-1" codeSystem="2.16.840.1.113883.6.1" displayName="WARNINGS SECTION"/>
               <title>Warnings</title>
               <text>
                  <paragraph>
                     <content styleCode="bold">Allergy alert: </content>Ibuprofen may cause a severe allergic reaction, especially in people allergic to aspirin. Symptoms may include:</paragraph>
                  <list listType="unordered">
                     <item>
                        <caption> </caption>hives </item>
                     <item>
                        <caption> </caption>facial swelling</item>
                     <item>
                        <caption> </caption>asthma (wheezing) </item>
                     <item>
                        <caption> </caption>shock </item>
                     <item>
                        <caption> </caption>skin reddening</item>
                     <item>
                        <caption> </caption>rash </item>
                     <item>
                        <caption> </caption>blisters</item>
                  </list>
                  <paragraph>If an allergic reaction occurs, stop use and seek medical help right away.</paragraph>
                  <paragraph>
                     <content styleCode="bold">Stomach bleeding warning: </content>This product contains an NSAID, which may cause severe stomach bleeding. The chance is higher if you:</paragraph>
                  <list listType="unordered">
                     <item>
                        <caption> </caption>have had stomach ulcers or bleeding problems</item>
                     <item>
                        <caption> </caption>take a blood thinning (anticoagulant) or steroid drug</item>
                     <item>
                        <caption> </caption>take other drugs containing prescription or nonprescription NSAIDs [aspirin, ibuprofen, naproxen, or others]</item>
                     <item>
                        <caption> </caption>have 3 or more alcoholic drinks every day while using this product</item>
                     <item>
                        <caption> </caption>take more or for a longer time than directed</item>
                  </list>
               </text>
               <effectiveTime value="20140102"/>
               <component>
                  <section ID="LINK_843809b9-3d0c-48b0-9a4e-0c2d83a72789">
                     <id root="ee6691d3-bd4f-49af-9110-aafd24fff3cb"/>
                     <code code="50570-1" codeSystem="2.16.840.1.113883.6.1" displayName="OTC - DO NOT USE SECTION"/>
                     <title>Do not use</title>
                     <text>
                        <list listType="unordered">
                           <item>
                              <caption> </caption>right before or after heart surgery</item>
                           <item>
                              <caption> </caption>if you have ever had an allergic reaction to any other pain reliever/fever reducer</item>
                        </list>
                     </text>
                     <effectiveTime value="20140102"/>
                  </section>
               </component>
               <component>
                  <section ID="LINK_fc8bfd5d-1d3c-4f21-83e2-1d0198219060">
                     <id root="3a66c43f-aede-43b8-9d84-cc4b21cced1e"/>
                     <code code="50569-3" codeSystem="2.16.840.1.113883.6.1" displayName="OTC - ASK DOCTOR SECTION"/>
                     <title>Ask a doctor before use if you have</title>
                     <text>
                        <list listType="unordered">
                           <item>
                              <caption> </caption>stomach bleeding warning applies to you</item>
                           <item>
                              <caption> </caption>you have a history of stomach problems, such as heartburn</item>
                           <item>
                              <caption> </caption>you have high blood pressure, heart disease, liver cirrhosis, or kidney disease</item>
                           <item>
                              <caption> </caption>you are taking a diuretic </item>
                           <item>
                              <caption> </caption>you have asthma</item>
                           <item>
                              <caption> </caption>you have problems or serious side effects from taking pain relievers or fever reducers</item>
                        </list>
                     </text>
                     <effectiveTime value="20140102"/>
                  </section>
               </component>
               <component>
                  <section ID="LINK_5d1ea1ff-b83e-4d31-b103-a0a54c2813af">
                     <id root="d7fb0864-14a0-4cf6-a4db-b6b73142156d"/>
                     <code code="50568-5" codeSystem="2.16.840.1.113883.6.1" displayName="OTC - ASK DOCTOR/PHARMACIST SECTION"/>
                     <title>Ask a doctor or pharmacist before use if you are</title>
                     <text>
                        <list listType="unordered">
                           <item>
                              <caption>•</caption>taking any other drug</item>
                           <item>
                              <caption>•</caption>taking aspirin for heart attack or stroke, because ibuprofen may decrease this benefit of aspirin </item>
                           <item>
                              <caption>•</caption>under a doctor"s care for any serious condition</item>
                        </list>
                     </text>
                     <effectiveTime value="20140102"/>
                  </section>
               </component>
               <component>
                  <section ID="LINK_8ced4ecc-7d6f-452e-a900-bb12d0615afe">
                     <id root="dd9f7421-bb32-4cbc-9f1a-6dcfddb9fac7"/>
                     <code code="50567-7" codeSystem="2.16.840.1.113883.6.1" displayName="OTC - WHEN USING SECTION"/>
                     <title>When using this product</title>
                     <text>
                        <list listType="unordered">
                           <item>
                              <caption> </caption>take with food or milk if stomach upset occurs</item>
                           <item>
                              <caption> </caption>the risk of heart attack or stroke may increase if you use more than directed or for longer than directed</item>
                        </list>
                     </text>
                     <effectiveTime value="20140102"/>
                  </section>
               </component>
               <component>
                  <section ID="LINK_a55dcf46-5ec1-42f3-b2f9-7a8fcf764515">
                     <id root="fdf79ad7-2d93-42be-8a9f-6e11af6d757a"/>
                     <code code="50566-9" codeSystem="2.16.840.1.113883.6.1" displayName="OTC - STOP USE SECTION"/>
                     <title>Stop use and ask a doctor if</title>
                     <text>
                        <list listType="unordered">
                           <item>
                              <caption> </caption>you experience any of the following signs of stomach bleeding:<list listType="ordered">
                                 <item>
                                    <caption> </caption>feel faint </item>
                                 <item>
                                    <caption> </caption>have bloody or black stools </item>
                                 <item>
                                    <caption> </caption>vomit blood</item>
                                 <item>
                                    <caption> </caption>have stomach pain that does not get better</item>
                              </list>
                           </item>
                           <item>
                              <caption> </caption>pain gets worse or lasts more than 10 days</item>
                           <item>
                              <caption> </caption>fever gets worse or lasts more than 3 days</item>
                           <item>
                              <caption> </caption>redness or swelling is present in the painful area </item>
                           <item>
                              <caption> </caption>any new symptoms appear</item>
                        </list>
                     </text>
                     <effectiveTime value="20140102"/>
                  </section>
               </component>
               <component>
                  <section ID="LINK_88dc0aea-f116-4ea5-9f58-ced2d20be210">
                     <id root="34775502-0135-4032-9b4e-eea37b129cbe"/>
                     <code code="53414-9" codeSystem="2.16.840.1.113883.6.1" displayName="OTC - PREGNANCY OR BREAST FEEDING SECTION"/>
                     <title>If pregnant or breast-feeding,</title>
                     <text>
                        <paragraph>ask a health professional before use. It is especially important not to use ibuprofen during the last 3 months of pregnancy unless definitely directed to do so by a doctor because it may cause problems in the unborn child or complications during delivery.</paragraph>
                     </text>
                     <effectiveTime value="20140102"/>
                  </section>
               </component>
               <component>
                  <section ID="LINK_1e7f53a3-b2da-4dea-9576-ba161b726266">
                     <id root="d97e9e9c-1c0f-4b1b-a55d-a23530c1588f"/>
                     <code code="50565-1" codeSystem="2.16.840.1.113883.6.1" displayName="OTC - KEEP OUT OF REACH OF CHILDREN SECTION"/>
                     <title>Keep out of reach of children.</title>
                     <text>
                        <paragraph>In case of overdose, get medical help or contact a Poison Control Center right away.</paragraph>
                     </text>
                     <effectiveTime value="20140102"/>
                  </section>
               </component>
            </section>
         </component>
         <component>
            <section ID="LINK_7e215546-8dbf-4a5b-9c85-b6f8f0d22230">
               <id root="6389aa4d-3524-4d01-9844-bae5cb7fa67f"/>
               <code code="34068-7" codeSystem="2.16.840.1.113883.6.1" displayName="DOSAGE &amp; ADMINISTRATION SECTION"/>
               <title>Directions</title>
               <text>
                  <list listType="unordered">
                     <item>
                        <caption> </caption>
                        <content styleCode="bold">do not take more than directed</content>
                     </item>
                     <item>
                        <caption> </caption>
                        <content styleCode="bold">the smallest effective dose should be used</content>
                     </item>
                  </list>
                  <list listType="unordered">
                     <item>
                        <caption>•</caption>adults and children 12 years and over: take 1 tablet every 4 to 6 hours while symptoms persist <list listType="unordered">
                           <item>
                              <caption> </caption>if pain or fever does not respond to 1 tablet, 2 tablets may be used</item>
                           <item>
                              <caption> </caption>do not exceed 6 tablets in 24 hours, unless directed by a doctor</item>
                        </list>
                     </item>
                     <item>
                        <caption> </caption>children under 12 years: ask a doctor</item>
                  </list>
               </text>
               <effectiveTime value="20140102"/>
            </section>
         </component>
         <component>
            <section ID="LINK_c4e8f639-cccc-4bad-bb92-68b64b087100">
               <id root="f9039129-fc2f-4136-a834-73f12a21061b"/>
               <code code="44425-7" codeSystem="2.16.840.1.113883.6.1" displayName="STORAGE AND HANDLING SECTION"/>
               <title>Other information</title>
               <text>
                  <list listType="unordered">
                     <item>
                        <caption> </caption>store between 20°-25°C (68°-77°F)</item>
                     <item>
                        <caption> </caption>avoid excessive heat 40°C (104°F) </item>
                     <item>
                        <caption> </caption>use by expiration date on package</item>
                  </list>
               </text>
               <effectiveTime value="20140102"/>
            </section>
         </component>
         <component>
            <section ID="LINK_1b3b02cd-3203-4620-88d7-75971fa7b788">
               <id root="7ec19225-3217-4fbd-bb18-bce03afc01b8"/>
               <code code="51727-6" codeSystem="2.16.840.1.113883.6.1" displayName="INACTIVE INGREDIENT SECTION"/>
               <title>Inactive ingredients</title>
               <text>
                  <paragraph>carnauba wax, corn starch, fumed silica gel, hypromellose, lactose, magnesium stearate, microcrystalline cellulose, polydextrose, polyethylene glycol, red iron oxide, sodium starch glycolate, stearic acid, titanium dioxide</paragraph>
               </text>
               <effectiveTime value="20140102"/>
            </section>
         </component>
         <component>
            <section ID="LINK_3b1ba44b-b434-49be-bc65-d604b01f68bb">
               <id root="614f070b-3254-43f9-9cac-48d28b105415"/>
               <code code="53413-1" codeSystem="2.16.840.1.113883.6.1" displayName="OTC - QUESTIONS SECTION"/>
               <title>Questions or comments?</title>
               <text>
                  <paragraph>
                     <content styleCode="bold">(800) 616-2471</content>
                  </paragraph>
               </text>
               <effectiveTime value="20140102"/>
            </section>
         </component>
         <component>
            <section ID="LINK_00d593e4-a6c6-4ee7-be17-27543887fd64">
               <id root="5282c583-483c-410e-a7a6-e07d3d0c9887"/>
               <code code="51945-4" codeSystem="2.16.840.1.113883.6.1" displayName="PACKAGE LABEL.PRINCIPAL DISPLAY PANEL"/>
               <title>Principal Display Panel</title>
               <text>
                  <paragraph>
                     <content styleCode="bold">MAJOR®</content>
                  </paragraph>
                  <paragraph>NDC 68788-9133</paragraph>
                  <paragraph>†Compare to the active ingredient in Advil® Tablets</paragraph>
                  <paragraph>
                     <content styleCode="bold">Ibuprofen Tablets</content>
                     <br/>Ibuprofen Tablets, USP 200 mg</paragraph>
                  <paragraph>Pain Reliever<br/>Fever Reducer <content styleCode="bold">(NSAID)</content>
                  </paragraph>
                  <paragraph>
                     <content styleCode="bold">TAMPER EVIDENT: DO NOT USE IF IMPRINTED SAFETY SEAL UNDER CAP IS BROKEN OR MISSING</content>
                  </paragraph>
                  <paragraph>50844        REV0112D29116</paragraph>
                  <paragraph>Distributed by<br/>
                     <content styleCode="bold">MAJOR PHARMACEUTICALS</content>
                     <br/>31778 Enterprise Drive<br/>Livonia, MI 48150 USA      Rev.01/13</paragraph>
                  <renderMultiMedia ID="id520" referencedObject="MM1-2"/>
               </text>
               <effectiveTime value="20140102"/>
               <component>
                  <observationMedia ID="MM1-2">
                     <text>Ibuprofen Tablets 200mg</text>
                     <value mediaType="image/jpeg" xsi:type="ED">
                        <reference value="4108b906-36c7-408a-a8dd-902da01b639c-01.jpg"/>
                     </value>
                  </observationMedia>
               </component>
            </section>
         </component>
      </structuredBody>
   </component>
</document>