<?xml version="1.0" encoding="UTF-8"?><?xml-stylesheet href="http://www.accessdata.fda.gov/spl/stylesheet/spl.xsl" type="text/xsl"?>
<document xmlns="urn:hl7-org:v3" xmlns:xsi="http://www.w3.org/2001/XMLSchema-instance" xsi:schemaLocation="urn:hl7-org:v3 http://www.accessdata.fda.gov/spl/schema/spl.xsd">
   <id root="b35a6937-f9df-420b-9935-aae883d87183"/>
   <code code="34391-3" codeSystem="2.16.840.1.113883.6.1" displayName="HUMAN PRESCRIPTION DRUG LABEL"/>
   <title>Hydrocortisone Lotion USP, 2.5%</title>
   <effectiveTime value="20140103"/>
   <setId root="f05b7fa6-26a9-4aca-8975-819ece891060"/>
   <versionNumber value="3"/>
   <author>
      <time/>
      <assignedEntity>
         <representedOrganization>
            <id extension="078846912" root="1.3.6.1.4.1.519.1"/>
            <name>Perrigo New York Inc</name>
         </representedOrganization>
      </assignedEntity>
   </author>
   <component>
      <structuredBody>
         <component>
            <section>
               <id root="421d0f00-ab81-4841-96c1-be68e1079a30"/>
               <code code="48780-1" codeSystem="2.16.840.1.113883.6.1" displayName="SPL product data elements section"/>
               <effectiveTime value="20140103"/>
               <subject>
                  <manufacturedProduct>
                     <manufacturedProduct>
                        <code code="45802-937" codeSystem="2.16.840.1.113883.6.69"/>
                        <name>hydrocortisone</name>
                        <formCode code="C29167" codeSystem="2.16.840.1.113883.3.26.1.1" displayName="LOTION"/>
                        <asEntityWithGeneric>
                           <genericMedicine>
                              <name>hydrocortisone</name>
                           </genericMedicine>
                        </asEntityWithGeneric>
                        <ingredient classCode="ACTIB">
                           <quantity>
                              <numerator unit="mg" value="25"/>
                              <denominator unit="mL" value="1"/>
                           </quantity>
                           <ingredientSubstance>
                              <code code="WI4X0X7BPJ" codeSystem="2.16.840.1.113883.4.9"/>
                              <name>HYDROCORTISONE</name>
                              <activeMoiety>
                                 <activeMoiety>
                                    <code code="WI4X0X7BPJ" codeSystem="2.16.840.1.113883.4.9"/>
                                    <name>HYDROCORTISONE</name>
                                 </activeMoiety>
                              </activeMoiety>
                           </ingredientSubstance>
                        </ingredient>
                        <ingredient classCode="IACT">
                           <ingredientSubstance>
                              <code code="4Q93RCW27E" codeSystem="2.16.840.1.113883.4.9"/>
                              <name>CARBOMER HOMOPOLYMER TYPE C (ALLYL PENTAERYTHRITOL CROSSLINKED)</name>
                           </ingredientSubstance>
                        </ingredient>
                        <ingredient classCode="IACT">
                           <ingredientSubstance>
                              <code code="YRC528SWUY" codeSystem="2.16.840.1.113883.4.9"/>
                              <name>POLYOXYL 20 CETOSTEARYL ETHER</name>
                           </ingredientSubstance>
                        </ingredient>
                        <ingredient classCode="IACT">
                           <ingredientSubstance>
                              <code code="936JST6JCN" codeSystem="2.16.840.1.113883.4.9"/>
                              <name>CETYL ALCOHOL</name>
                           </ingredientSubstance>
                        </ingredient>
                        <ingredient classCode="IACT">
                           <ingredientSubstance>
                              <code code="2KAG279R6R" codeSystem="2.16.840.1.113883.4.9"/>
                              <name>DEHYDROACETIC ACID</name>
                           </ingredientSubstance>
                        </ingredient>
                        <ingredient classCode="IACT">
                           <ingredientSubstance>
                              <code code="BYR0546TOW" codeSystem="2.16.840.1.113883.4.9"/>
                              <name>DMDM HYDANTOIN</name>
                           </ingredientSubstance>
                        </ingredient>
                        <ingredient classCode="IACT">
                           <ingredientSubstance>
                              <code code="230OU9XXE4" codeSystem="2.16.840.1.113883.4.9"/>
                              <name>GLYCERYL MONOSTEARATE</name>
                           </ingredientSubstance>
                        </ingredient>
                        <ingredient classCode="IACT">
                           <ingredientSubstance>
                              <code code="8CRQ2TH63M" codeSystem="2.16.840.1.113883.4.9"/>
                              <name>ISOPROPYL PALMITATE</name>
                           </ingredientSubstance>
                        </ingredient>
                        <ingredient classCode="IACT">
                           <ingredientSubstance>
                              <code code="33X04XA5AT" codeSystem="2.16.840.1.113883.4.9"/>
                              <name>LACTIC ACID</name>
                           </ingredientSubstance>
                        </ingredient>
                        <ingredient classCode="IACT">
                           <ingredientSubstance>
                              <code code="N6K5787QVP" codeSystem="2.16.840.1.113883.4.9"/>
                              <name>LIGHT MINERAL OIL</name>
                           </ingredientSubstance>
                        </ingredient>
                        <ingredient classCode="IACT">
                           <ingredientSubstance>
                              <code code="V42034O9PU" codeSystem="2.16.840.1.113883.4.9"/>
                              <name>MYRISTYL ALCOHOL</name>
                           </ingredientSubstance>
                        </ingredient>
                        <ingredient classCode="IACT">
                           <ingredientSubstance>
                              <code code="1D822OC34X" codeSystem="2.16.840.1.113883.4.9"/>
                              <name>MYRISTYL LACTATE</name>
                           </ingredientSubstance>
                        </ingredient>
                        <ingredient classCode="IACT">
                           <ingredientSubstance>
                              <code code="YD01N1999R" codeSystem="2.16.840.1.113883.4.9"/>
                              <name>PEG-100 STEARATE</name>
                           </ingredientSubstance>
                        </ingredient>
                        <ingredient classCode="IACT">
                           <ingredientSubstance>
                              <code code="059QF0KO0R" codeSystem="2.16.840.1.113883.4.9"/>
                              <name>WATER</name>
                           </ingredientSubstance>
                        </ingredient>
                        <ingredient classCode="IACT">
                           <ingredientSubstance>
                              <code code="55X04QC32I" codeSystem="2.16.840.1.113883.4.9"/>
                              <name>SODIUM HYDROXIDE</name>
                           </ingredientSubstance>
                        </ingredient>
                        <ingredient classCode="IACT">
                           <ingredientSubstance>
                              <code code="469OTG57A2" codeSystem="2.16.840.1.113883.4.9"/>
                              <name>SODIUM PYRROLIDONE CARBOXYLATE</name>
                           </ingredientSubstance>
                        </ingredient>
                        <ingredient classCode="IACT">
                           <ingredientSubstance>
                              <code code="2KR89I4H1Y" codeSystem="2.16.840.1.113883.4.9"/>
                              <name>STEARYL ALCOHOL</name>
                           </ingredientSubstance>
                        </ingredient>
                        <asContent>
                           <quantity>
                              <numerator unit="mL" value="59"/>
                              <denominator value="1"/>
                           </quantity>
                           <containerPackagedProduct>
                              <code code="45802-937-16" codeSystem="2.16.840.1.113883.6.69"/>
                              <formCode code="C43169" codeSystem="2.16.840.1.113883.3.26.1.1" displayName="BOTTLE"/>
                           </containerPackagedProduct>
                        </asContent>
                        <asContent>
                           <quantity>
                              <numerator unit="mL" value="118"/>
                              <denominator value="1"/>
                           </quantity>
                           <containerPackagedProduct>
                              <code code="45802-937-26" codeSystem="2.16.840.1.113883.6.69"/>
                              <formCode code="C43169" codeSystem="2.16.840.1.113883.3.26.1.1" displayName="BOTTLE"/>
                           </containerPackagedProduct>
                        </asContent>
                     </manufacturedProduct>
                     <subjectOf>
                        <approval>
                           <id extension="ANDA089074" root="2.16.840.1.113883.3.150"/>
                           <code code="C73584" codeSystem="2.16.840.1.113883.3.26.1.1" displayName="ANDA"/>
                           <author>
                              <territorialAuthority>
                                 <territory>
                                    <code code="USA" codeSystem="2.16.840.1.113883.5.28"/>
                                 </territory>
                              </territorialAuthority>
                           </author>
                        </approval>
                     </subjectOf>
                     <subjectOf>
                        <marketingAct>
                           <code code="C53292" codeSystem="2.16.840.1.113883.3.26.1.1"/>
                           <statusCode code="active"/>
                           <effectiveTime>
                              <low value="20080523"/>
                           </effectiveTime>
                        </marketingAct>
                     </subjectOf>
                     <consumedIn>
                        <substanceAdministration>
                           <routeCode code="C38304" codeSystem="2.16.840.1.113883.3.26.1.1" displayName="TOPICAL"/>
                        </substanceAdministration>
                     </consumedIn>
                  </manufacturedProduct>
               </subject>
            </section>
         </component>
         <component>
            <section ID="i4i_section_id_6e33a396-d65e-423a-8221-c85327bdd36c">
               <id root="ce82535f-4eb8-4a06-9e20-02d57d97f67d"/>
               <code code="42229-5" codeSystem="2.16.840.1.113883.6.1" displayName="SPL UNCLASSIFIED SECTION"/>
               <text>
                  <paragraph>Rx Only</paragraph>
               </text>
               <effectiveTime value="20101026"/>
            </section>
         </component>
         <component>
            <section ID="i4i_description_id_84c501e1-6c32-4bc9-ac34-c482b6e6e099">
               <id root="e45f8804-0aa7-49ea-a4d0-80683acdf3bc"/>
               <code code="34089-3" codeSystem="2.16.840.1.113883.6.1" displayName="DESCRIPTION SECTION"/>
               <title>DESCRIPTION</title>
               <text>
                  <paragraph>Each mL of Hydrocortisone Lotion USP, 2.5% contains 25 mg of hydrocortisone, USP in a vehicle consisting of carbomer homopolymer type C, ceteareth-20, cetyl alcohol, dehydroacetic acid, DMDM hydantoin, fragrance, glyceryl stearate, isopropyl palmitate, lactic acid, light mineral oil, myristyl alcohol, myristyl lactate, PEG-100 stearate, purified water, sodium hydroxide, sodium PCA, and stearyl alcohol. </paragraph>
                  <paragraph>Chemically, hydrocortisone is [Pregn-4-ene-3,20-dione, 11, 17, 21-trihydroxy-, (11β)-] with the molecular formula C<sub>21</sub>H<sub>30</sub>O<sub>5</sub> and is represented by the following structural formula:</paragraph>
                  <renderMultiMedia ID="id269" referencedObject="id_95bdfd04-ce64-49cf-85af-5b4dc201ccdd"/>
                  <paragraph>Its molecular weight is 362.46 and its CAS Registry Number is 50-23-7. The topical corticosteroids, including hydrocortisone, constitute a class of primarily synthetic steroids used as anti-inflammatory and antipruritic agents.</paragraph>
               </text>
               <effectiveTime value="20140103"/>
               <component>
                  <observationMedia ID="id_95bdfd04-ce64-49cf-85af-5b4dc201ccdd">
                     <text>Image 1</text>
                     <value mediaType="image/jpeg" xsi:type="ED">
                        <reference value="b35a6937-f9df-420b-9935-aae883d87183-01.jpg"/>
                     </value>
                  </observationMedia>
               </component>
            </section>
         </component>
         <component>
            <section ID="i4i_clinical_pharmacology_id_22d079d3-0848-4b04-98e1-d32550254ff8">
               <id root="2a2ceece-7b43-403a-bd47-f0cb75a785fe"/>
               <code code="34090-1" codeSystem="2.16.840.1.113883.6.1" displayName="CLINICAL PHARMACOLOGY SECTION"/>
               <title>CLINICAL PHARMACOLOGY</title>
               <text>
                  <paragraph>Topical corticosteroids share anti-inflammatory, antipruritic and vasoconstrictive actions. The mechanism of anti-inflammatory activity of the topical corticosteroids is unclear. Various laboratory methods, including vasoconstrictor assays, are used to compare and predict potencies and/or clinical efficacies of the topical corticosteroids. There is some evidence to suggest that a recognizable correlation exists between vasoconstrictor potency and therapeutic efficacy in man.</paragraph>
               </text>
               <effectiveTime value="20101026"/>
               <component>
                  <section ID="i4i_pharmacokinetics_id_c8cf9df1-010b-4f12-b112-12ceeb77a642">
                     <id root="75e7a469-210e-47a4-b653-a23850e3ceb7"/>
                     <code code="43682-4" codeSystem="2.16.840.1.113883.6.1" displayName="PHARMACOKINETICS SECTION"/>
                     <title>Pharmacokinetics -</title>
                     <text>
                        <paragraph>The extent of percutaneous absorption of topical corticosteroids is determined by many factors including the vehicle, the integrity of the epidermal barrier, and the use of occlusive dressings.</paragraph>
                        <paragraph>Topical corticosteroids can be absorbed from normal intact skin. Inflammation and/or other disease processes in the skin increase percutaneous absorption. Occlusive dressings substantially increase the percutaneous absorption of topical corticosteroids. Thus, occlusive dressings may be a valuable therapeutic adjunct for treatment of resistant dermatoses (see <linkHtml href="http://dailymed.nlm.nih.gov/dailymed/drugInfo.cfm?id=12000">DOSAGE AND ADMINISTRATION</linkHtml>).</paragraph>
                        <paragraph>Once absorbed through the skin, topical corticosteroids are handled through pharmacokinetic pathways similar to systemically administered corticosteroids. Corticosteroids are bound to plasma proteins in varying degrees. Corticosteroids are metabolized primarily in the liver and are then excreted by the kidneys. Some of the topical corticosteroids and their metabolites are also excreted into the bile.</paragraph>
                     </text>
                     <effectiveTime value="20101026"/>
                  </section>
               </component>
            </section>
         </component>
         <component>
            <section ID="i4i_indications_id_5ce41bfb-16e2-4750-94b5-1bac107aecdf">
               <id root="bd7ab53b-7a17-4231-b63f-8bcec3f9cecd"/>
               <code code="34067-9" codeSystem="2.16.840.1.113883.6.1" displayName="INDICATIONS &amp; USAGE SECTION"/>
               <title>INDICATIONS AND USAGE</title>
               <text>
                  <paragraph>Topical corticosteroids are indicated for the relief of the inflammatory and pruritic manifestations of corticosteroid-responsive dermatoses.</paragraph>
               </text>
               <effectiveTime value="20101026"/>
            </section>
         </component>
         <component>
            <section ID="i4i_contraindications_id_476b0317-0130-4380-9ec1-dcd0392915e2">
               <id root="734e46f5-6663-4e36-9f33-137e7cba760e"/>
               <code code="34070-3" codeSystem="2.16.840.1.113883.6.1" displayName="CONTRAINDICATIONS SECTION"/>
               <title>CONTRAINDICATIONS</title>
               <text>
                  <paragraph>Topical corticosteroids are contraindicated in those patients with a history of hypersensitivity to any of the components of the preparation.</paragraph>
               </text>
               <effectiveTime value="20101026"/>
            </section>
         </component>
         <component>
            <section ID="i4i_precautions_id_ac462643-40a4-42d7-b775-351a0e5c867c">
               <id root="1ec67e49-f6ff-4081-81d5-48e358d3c091"/>
               <code code="42232-9" codeSystem="2.16.840.1.113883.6.1" displayName="PRECAUTIONS SECTION"/>
               <title>PRECAUTIONS</title>
               <effectiveTime value="20140103"/>
               <component>
                  <section ID="i4i_precautions_general_id_713a3815-fb10-4fc2-8379-09dc54b27eb5">
                     <id root="ce681cc5-747b-46a4-82f1-bb095b82f357"/>
                     <code code="34072-9" codeSystem="2.16.840.1.113883.6.1" displayName="GENERAL PRECAUTIONS SECTION"/>
                     <title>General -</title>
                     <text>
                        <paragraph>Systemic absorption of topical corticosteroids has produced reversible hypothalamic-pituitary-adrenal (HPA) axis suppression, manifestations of Cushing's syndrome, hyperglycemia, and glucosuria in some patients.</paragraph>
                        <paragraph>Conditions which augment systemic absorption include the application of the more potent steroids, use over large surface areas, prolonged use, and the addition of occlusive dressings. Therefore, patients receiving a large dose of a potent topical steroid applied to a large surface area or under an occlusive dressing should be evaluated periodically for evidence of HPA axis suppression by using the urinary free cortisol and ACTH stimulation tests. If HPA axis suppression is noted, an attempt should be made to withdraw the drug, to reduce the frequency of application, or to substitute a less potent steroid.</paragraph>
                        <paragraph>Recovery of HPA axis function is generally prompt and complete upon discontinuation of the drug. Infrequently, signs and symptoms of steroid withdrawal may occur, requiring supplemental systemic corticosteroids.</paragraph>
                        <paragraph>Children may absorb proportionally larger amounts of topical corticosteroids and thus be more susceptible to systemic toxicity (see <linkHtml href="http://dailymed.nlm.nih.gov/dailymed/drugInfo.cfm?id=12000">PRECAUTIONS: Pediatric Use</linkHtml>).</paragraph>
                        <paragraph>If irritation develops, topical corticosteroids should be discontinued and appropriate therapy instituted.</paragraph>
                        <paragraph>In the presence of dermatological infections, the use of an appropriate antifungal or antibacterial agent should be instituted. If a favorable response does not occur promptly, the corticosteroid should be discontinued until the infection has been adequately controlled.</paragraph>
                     </text>
                     <effectiveTime value="20101026"/>
                  </section>
               </component>
               <component>
                  <section ID="i4i_info_patients_id_0adb4017-41dc-41b1-99ed-a6f6fbafe6c3">
                     <id root="5bb6f1fb-2b2b-4fa5-95b1-4b4be4392683"/>
                     <code code="34076-0" codeSystem="2.16.840.1.113883.6.1" displayName="INFORMATION FOR PATIENTS SECTION"/>
                     <title>Information for the Patient -</title>
                     <text>
                        <paragraph>Patients using topical corticosteroids should receive the following information and instructions:</paragraph>
                        <paragraph>1. This medication is to be used as directed by the physician. It is for external use only. Avoid contact with the eyes. </paragraph>
                        <paragraph>2. Patients should be advised not to use this medication for any disorder other than for which it was prescribed. </paragraph>
                        <paragraph>3. The treated skin area should not be bandaged or otherwise covered or wrapped as to be occlusive unless directed by the physician. </paragraph>
                        <paragraph>4. Patients should report any signs of local adverse reactions, especially under occlusive dressings. </paragraph>
                        <paragraph>5. Parents of pediatric patients should be advised not to use tight-fitting diapers or plastic pants on a child being treated in the diaper area, as these garments may constitute occlusive dressings.</paragraph>
                     </text>
                     <effectiveTime value="20101026"/>
                  </section>
               </component>
               <component>
                  <section ID="i4i_lab_tests_id_09f07295-157e-4351-89dc-c9b9041a68cf">
                     <id root="f80489a8-80aa-4fe6-b0d7-3141ab58e19d"/>
                     <code code="34075-2" codeSystem="2.16.840.1.113883.6.1" displayName="LABORATORY TESTS SECTION"/>
                     <title>Laboratory Tests -</title>
                     <text>
                        <paragraph>The following tests may be helpful in evaluating the HPA axis suppression:</paragraph>
                        <paragraph>Urinary free cortisol test </paragraph>
                        <paragraph>ACTH stimulation test </paragraph>
                     </text>
                     <effectiveTime value="20101026"/>
                  </section>
               </component>
               <component>
                  <section ID="i4i_carcinogenesis_mutagenesis_fertility_id_1c08cda3-1e6f-461e-a0e4-6630f1bc939b">
                     <id root="13735c25-2007-44e5-955e-dac51832a40a"/>
                     <code code="34083-6" codeSystem="2.16.840.1.113883.6.1" displayName="CARCINOGENESIS &amp; MUTAGENESIS &amp; IMPAIRMENT OF FERTILITY SECTION"/>
                     <title>Carcinogenesis, Mutagenesis, Impairment of Fertility -</title>
                     <text>
                        <paragraph>Long-term animal studies have not been performed to evaluate the carcinogenic potential or the effect on fertility of topical corticosteroids.</paragraph>
                        <paragraph>Studies to determine mutagenicity with prednisolone and hydrocortisone have revealed negative results.</paragraph>
                     </text>
                     <effectiveTime value="20101026"/>
                  </section>
               </component>
               <component>
                  <section ID="i4i_pregnancy_id_5fd771eb-d82b-49e3-b13a-93e3f6a53fbd">
                     <id root="c6de86b3-2ec6-426d-8afc-ba1c4a35bd93"/>
                     <code code="42228-7" codeSystem="2.16.840.1.113883.6.1" displayName="PREGNANCY SECTION"/>
                     <title>Pregnancy:</title>
                     <effectiveTime value="20140103"/>
                     <component>
                        <section ID="i4i_teratogenic_id_c315a2fd-0f75-4135-ba53-26564355a5e1">
                           <id root="ba15bf88-e5e7-4654-b351-9757fa95f83c"/>
                           <code code="34077-8" codeSystem="2.16.840.1.113883.6.1" displayName="TERATOGENIC EFFECTS SECTION"/>
                           <title>Teratogenic Effects:</title>
                           <effectiveTime value="20140103"/>
                           <component>
                              <section ID="i4i_pregnancy_C_id_08217571-3dd9-4427-a515-b47b1659dca6">
                                 <id root="3eb5c1a3-ff54-479f-8f60-e9c73225498c"/>
                                 <title>Pregnancy Category C -</title>
                                 <text>
                                    <paragraph>Corticosteroids are generally teratogenic in laboratory animals when administered systemically at relatively low dosage levels. The more potent corticosteroids have been shown to be teratogenic after dermal application in laboratory animals. There are no adequate and well-controlled studies in pregnant women on teratogenic effects from topically applied corticosteroids. Therefore, topical corticosteroids should be used during pregnancy only if the potential benefit justifies the potential risk to the fetus. Drugs of this class should not be used extensively on pregnant patients, in large amounts, or for prolonged periods of time.</paragraph>
                                 </text>
                                 <effectiveTime value="20140103"/>
                              </section>
                           </component>
                        </section>
                     </component>
                  </section>
               </component>
               <component>
                  <section ID="i4i_nursing_mothers_id_8ee94b16-4b63-478e-8b90-338f1baff120">
                     <id root="ad7be380-e85d-4268-8ad2-dbc8886890f9"/>
                     <code code="34080-2" codeSystem="2.16.840.1.113883.6.1" displayName="NURSING MOTHERS SECTION"/>
                     <title>Nursing Mothers -</title>
                     <text>
                        <paragraph>It is not known whether topical administration of corticosteroids could result in sufficient systemic absorption to produce detectable quantities in breast milk. Systemically administered corticosteroids are secreted into breast milk in quantities <content styleCode="italics">not</content> likely to have a deleterious effect on the infant. Nevertheless, caution should be exercised when topical corticosteroids are administered to a nursing woman.</paragraph>
                     </text>
                     <effectiveTime value="20101026"/>
                  </section>
               </component>
               <component>
                  <section ID="i4i_pediatric_use_id_5efffd3a-ede9-4e61-b062-de363f90f61a">
                     <id root="125a8f38-63ae-423b-a1d4-81d691dc7e27"/>
                     <code code="34081-0" codeSystem="2.16.840.1.113883.6.1" displayName="PEDIATRIC USE SECTION"/>
                     <title>Pediatric Use -</title>
                     <text>
                        <paragraph>Pediatric patients may demonstrate greater susceptibility to topical corticosteroid-induced HPA axis suppression and Cushing's syndrome than mature patients because of a larger skin surface area to body weight ratio. </paragraph>
                        <paragraph>Hypothalamic-pituitary-adrenal (HPA) axis suppression, Cushing's syndrome, and intracranial hypertension have been reported in pediatric patients receiving topical corticosteroids. Manifestations of adrenal suppression in pediatric patients include linear growth retardation, delayed weight gain, low plasma cortisol levels, and absence of response to ACTH stimulation. Manifestations of intracranial hypertension include bulging fontanelles, headaches, and bilateral papilledema.</paragraph>
                        <paragraph>Administration of topical corticosteroids to pediatric patients should be limited to the least amount compatible with an effective therapeutic regimen. Chronic corticosteroid therapy may interfere with the growth and development of pediatric patients.</paragraph>
                     </text>
                     <effectiveTime value="20101026"/>
                  </section>
               </component>
            </section>
         </component>
         <component>
            <section ID="i4i_adverse_effects_id_1de5935f-24d0-425f-83c1-f82126f5c3ac">
               <id root="6f04ea2c-9c58-4a4e-a1b3-2cf92c899914"/>
               <code code="34084-4" codeSystem="2.16.840.1.113883.6.1" displayName="ADVERSE REACTIONS SECTION"/>
               <title>ADVERSE REACTIONS</title>
               <text>
                  <paragraph>The following local adverse reactions are reported infrequently with topical corticosteroids, but may occur more frequently with the use of occlusive dressings. These reactions are listed in an approximate decreasing order of occurrence:  burning, itching, irritation, dryness, folliculitis, hypertrichosis, acneiform eruptions, hypopigmentation, perioral dermatitis, allergic contact dermatitis, maceration of the skin, secondary infection, skin atrophy, striae, and miliaria.</paragraph>
               </text>
               <effectiveTime value="20101026"/>
            </section>
         </component>
         <component>
            <section ID="i4i_overdosage_id_2fffdeb1-ad04-445a-8319-2eef33c9ecb2">
               <id root="723ac543-d2ad-4069-8d5a-6de8af1fe8c3"/>
               <code code="34088-5" codeSystem="2.16.840.1.113883.6.1" displayName="OVERDOSAGE SECTION"/>
               <title>OVERDOSAGE</title>
               <text>
                  <paragraph>Topically applied corticosteroids can be absorbed in sufficient amounts to produce systemic effects (see <linkHtml href="http://dailymed.nlm.nih.gov/dailymed/drugInfo.cfm?id=12000">http://dailymed.nlm.nih.gov/dailymed/drugInfo.cfm?id=12000</linkHtml>
                     <linkHtml href="#i4i_precautions_id_ac462643-40a4-42d7-b775-351a0e5c867c">PRECAUTIONS</linkHtml>).</paragraph>
               </text>
               <effectiveTime value="20140103"/>
            </section>
         </component>
         <component>
            <section ID="i4i_dosage_admin_id_77f669a0-06c8-478c-8203-22e333211f07">
               <id root="3a9dc2a7-2405-46e4-94d7-6695f2715e31"/>
               <code code="34068-7" codeSystem="2.16.840.1.113883.6.1" displayName="DOSAGE &amp; ADMINISTRATION SECTION"/>
               <title>DOSAGE AND ADMINISTRATION</title>
               <text>
                  <paragraph>Shake well before using. Topical corticosteroids are generally applied to the affected area as a thin film from two to four times daily depending on the severity of the condition. Occlusive dressings may be used for the management of psoriasis or recalcitrant conditions.</paragraph>
                  <paragraph>If an infection develops, the use of occlusive dressings should be discontinued and appropriate antimicrobial therapy instituted.</paragraph>
               </text>
               <effectiveTime value="20101026"/>
            </section>
         </component>
         <component>
            <section ID="i4i_how_supplied_id_b38147e6-049d-4316-9305-58dcd8cd90fb">
               <id root="efe5e0f5-545e-4882-9529-99aa6fcc856c"/>
               <code code="34069-5" codeSystem="2.16.840.1.113883.6.1" displayName="HOW SUPPLIED SECTION"/>
               <title>HOW SUPPLIED</title>
               <text>
                  <paragraph>Hydrocortisone Lotion USP, 2.5% is available as follows:</paragraph>
                  <paragraph>2 fl oz (59 mL) bottle (NDC 45802-<content styleCode="bold">937</content>-16)</paragraph>
                  <paragraph>4 fl oz (118 mL) bottle (NDC 45802-<content styleCode="bold">937</content>-26)</paragraph>
               </text>
               <effectiveTime value="20101026"/>
            </section>
         </component>
         <component>
            <section ID="i4i_storage_id_b18c079c-6ff0-4b08-97b7-3e444ba44c6c">
               <id root="58c736f5-ffe8-4e84-8fc5-f64ee273f6f2"/>
               <code code="44425-7" codeSystem="2.16.840.1.113883.6.1" displayName="STORAGE AND HANDLING SECTION"/>
               <text>
                  <paragraph>Store at 20-25°C (68-77°F) [see USP Controlled Room Temperature].  Keep tightly closed.  Keep out of the reach of children.</paragraph>
               </text>
               <effectiveTime value="20101026"/>
            </section>
         </component>
         <component>
            <section ID="i4i_section_id_80895bb1-f14a-4483-94bd-5074c76cf1be">
               <id root="000c3276-a6d5-4484-bda6-9220459c210a"/>
               <code code="42229-5" codeSystem="2.16.840.1.113883.6.1" displayName="SPL UNCLASSIFIED SECTION"/>
               <text>
                  <paragraph>Manufactured by Perrigo</paragraph>
                  <paragraph>Bronx, NY 10457</paragraph>
                  <paragraph>Distributed By</paragraph>
                  <paragraph>Perrigo®</paragraph>
                  <paragraph>Allegan, MI 49010 • www.perrigo.com</paragraph>
                  <paragraph>Rev. 01/11</paragraph>
                  <paragraph>3X100 RC J2</paragraph>
               </text>
               <effectiveTime value="20101026"/>
            </section>
         </component>
         <component>
            <section ID="i4i_Principal_display_panel_id_86425e35-f33e-49fe-968c-99dbf1dd315e">
               <id root="1d43726e-9e32-49ea-be7e-95dc1f3dac2d"/>
               <code code="51945-4" codeSystem="2.16.840.1.113883.6.1" displayName="PACKAGE LABEL.PRINCIPAL DISPLAY PANEL"/>
               <title>PACKAGE/LABEL PRINCIPAL DISPLAY PANEL</title>
               <text>
                  <paragraph>Rx Only</paragraph>
                  <paragraph>Hydrocortisone Lotion USP, 2.5%</paragraph>
                  <paragraph>For Topical Use Only</paragraph>
                  <paragraph>2 FL OZ (59 mL)</paragraph>
                  <renderMultiMedia ID="id-2006739242" referencedObject="E35DB920-1F10-4030-B3BD-C9F5DCE0BA17"/>
               </text>
               <effectiveTime value="20140103"/>
               <component>
                  <observationMedia ID="E35DB920-1F10-4030-B3BD-C9F5DCE0BA17">
                     <text>Hydrocortisone Lotion USP, 2.5% Label</text>
                     <value mediaType="image/jpeg" xsi:type="ED">
                        <reference value="b35a6937-f9df-420b-9935-aae883d87183-02.jpg"/>
                     </value>
                  </observationMedia>
               </component>
            </section>
         </component>
      </structuredBody>
   </component>
</document>