<?xml version="1.0" encoding="UTF-8"?><?xml-stylesheet href="http://www.accessdata.fda.gov/spl/stylesheet/spl.xsl" type="text/xsl"?>
<document xmlns="urn:hl7-org:v3" xmlns:xsi="http://www.w3.org/2001/XMLSchema-instance" xsi:schemaLocation="urn:hl7-org:v3 http://www.accessdata.fda.gov/spl/schema/spl.xsd">
   <id root="2f89cd35-0703-4534-8edc-4ac04309afdb"/>
   <code code="34390-5" codeSystem="2.16.840.1.113883.6.1" displayName="HUMAN OTC DRUG LABEL"/>
   <title>Rite Aid Corporation Anti-Nausea Liquid Drug Facts</title>
   <effectiveTime value="20140102"/>
   <setId root="f8ac9b1d-9f06-477c-8d98-60bcde742a37"/>
   <versionNumber value="2"/>
   <author>
      <time/>
      <assignedEntity>
         <representedOrganization>
            <id extension="014578892" root="1.3.6.1.4.1.519.1"/>
            <name>Rite Aid Corporation</name>
         </representedOrganization>
      </assignedEntity>
   </author>
   <component>
      <structuredBody>
         <component>
            <section>
               <id root="72719652-05eb-42ae-a64c-62934942a1a0"/>
               <code code="48780-1" codeSystem="2.16.840.1.113883.6.1" displayName="SPL product data elements section"/>
               <effectiveTime value="20120807"/>
               <subject>
                  <manufacturedProduct>
                     <manufacturedProduct>
                        <code code="11822-0207" codeSystem="2.16.840.1.113883.6.69"/>
                        <name>anti nausea</name>
                        <formCode code="C42953" codeSystem="2.16.840.1.113883.3.26.1.1" displayName="LIQUID"/>
                        <asEntityWithGeneric>
                           <genericMedicine>
                              <name>Dextrose (glucose), Levulose (fructose), Phosphoric Acid</name>
                           </genericMedicine>
                        </asEntityWithGeneric>
                        <ingredient classCode="ACTIB">
                           <quantity>
                              <numerator unit="g" value="1.87"/>
                              <denominator unit="mL" value="5"/>
                           </quantity>
                           <ingredientSubstance>
                              <code code="IY9XDZ35W2" codeSystem="2.16.840.1.113883.4.9"/>
                              <name>DEXTROSE</name>
                              <activeMoiety>
                                 <activeMoiety>
                                    <code code="IY9XDZ35W2" codeSystem="2.16.840.1.113883.4.9"/>
                                    <name>DEXTROSE</name>
                                 </activeMoiety>
                              </activeMoiety>
                           </ingredientSubstance>
                        </ingredient>
                        <ingredient classCode="ACTIB">
                           <quantity>
                              <numerator unit="g" value="1.87"/>
                              <denominator unit="mL" value="5"/>
                           </quantity>
                           <ingredientSubstance>
                              <code code="6YSS42VSEV" codeSystem="2.16.840.1.113883.4.9"/>
                              <name>FRUCTOSE</name>
                              <activeMoiety>
                                 <activeMoiety>
                                    <code code="6YSS42VSEV" codeSystem="2.16.840.1.113883.4.9"/>
                                    <name>FRUCTOSE</name>
                                 </activeMoiety>
                              </activeMoiety>
                           </ingredientSubstance>
                        </ingredient>
                        <ingredient classCode="ACTIB">
                           <quantity>
                              <numerator unit="mg" value="21.5"/>
                              <denominator unit="mL" value="5"/>
                           </quantity>
                           <ingredientSubstance>
                              <code code="E4GA8884NN" codeSystem="2.16.840.1.113883.4.9"/>
                              <name>PHOSPHORIC ACID</name>
                              <activeMoiety>
                                 <activeMoiety>
                                    <code code="E4GA8884NN" codeSystem="2.16.840.1.113883.4.9"/>
                                    <name>PHOSPHORIC ACID</name>
                                 </activeMoiety>
                              </activeMoiety>
                           </ingredientSubstance>
                        </ingredient>
                        <ingredient classCode="IACT">
                           <ingredientSubstance>
                              <code code="PDC6A3C0OX" codeSystem="2.16.840.1.113883.4.9"/>
                              <name>GLYCERIN</name>
                           </ingredientSubstance>
                        </ingredient>
                        <ingredient classCode="IACT">
                           <ingredientSubstance>
                              <code code="A2I8C7HI9T" codeSystem="2.16.840.1.113883.4.9"/>
                              <name>METHYLPARABEN</name>
                           </ingredientSubstance>
                        </ingredient>
                        <ingredient classCode="IACT">
                           <ingredientSubstance>
                              <code code="059QF0KO0R" codeSystem="2.16.840.1.113883.4.9"/>
                              <name>WATER</name>
                           </ingredientSubstance>
                        </ingredient>
                        <asContent>
                           <quantity>
                              <numerator unit="mL" value="118"/>
                              <denominator value="1"/>
                           </quantity>
                           <containerPackagedProduct>
                              <code/>
                              <formCode code="C43169" codeSystem="2.16.840.1.113883.3.26.1.1" displayName="BOTTLE"/>
                              <asContent>
                                 <quantity>
                                    <numerator unit="1" value="1"/>
                                    <denominator value="1"/>
                                 </quantity>
                                 <containerPackagedProduct>
                                    <code code="11822-0207-4" codeSystem="2.16.840.1.113883.6.69"/>
                                    <formCode code="C43182" codeSystem="2.16.840.1.113883.3.26.1.1" displayName="CARTON"/>
                                 </containerPackagedProduct>
                              </asContent>
                           </containerPackagedProduct>
                        </asContent>
                     </manufacturedProduct>
                     <subjectOf>
                        <approval>
                           <code code="C73627" codeSystem="2.16.840.1.113883.3.26.1.1" displayName="Unapproved drug other"/>
                           <author>
                              <territorialAuthority>
                                 <territory>
                                    <code code="USA" codeSystem="2.16.840.1.113883.5.28"/>
                                 </territory>
                              </territorialAuthority>
                           </author>
                        </approval>
                     </subjectOf>
                     <subjectOf>
                        <marketingAct>
                           <code code="C53292" codeSystem="2.16.840.1.113883.3.26.1.1"/>
                           <statusCode code="active"/>
                           <effectiveTime>
                              <low value="19960612"/>
                           </effectiveTime>
                        </marketingAct>
                     </subjectOf>
                     <subjectOf>
                        <characteristic classCode="OBS">
                           <code code="SPLCOLOR" codeSystem="2.16.840.1.113883.1.11.19255"/>
                           <value code="C48326" codeSystem="2.16.840.1.113883.3.26.1.1" displayName="RED" xsi:type="CE">
                              <originalText>clear</originalText>
                           </value>
                        </characteristic>
                     </subjectOf>
                     <subjectOf>
                        <characteristic classCode="OBS">
                           <code code="SPLFLAVOR" codeSystem="2.16.840.1.113883.1.11.19255"/>
                           <value code="C73375" codeSystem="2.16.840.1.113883.3.26.1.1" displayName="CHERRY" xsi:type="CE"/>
                        </characteristic>
                     </subjectOf>
                     <consumedIn>
                        <substanceAdministration>
                           <routeCode code="C38288" codeSystem="2.16.840.1.113883.3.26.1.1" displayName="ORAL"/>
                        </substanceAdministration>
                     </consumedIn>
                  </manufacturedProduct>
               </subject>
            </section>
         </component>
         <component>
            <section ID="i4i_OTC_Active_Ingredient_id_64bae830-7769-44e1-810c-f0b7a66c0c1d">
               <id root="9ceba686-2966-4a88-83fc-80a75022dece"/>
               <code code="55106-9" codeSystem="2.16.840.1.113883.6.1" displayName="OTC - ACTIVE INGREDIENT SECTION"/>
               <title>Active ingredients (per 5 mL)</title>
               <text>
                  <paragraph>Dextrose (glucose) 1.87 g</paragraph>
                  <paragraph>Levulose (fructose) 1.87 g  </paragraph>
                  <paragraph>Phosphoric acid 21.5 mg</paragraph>
               </text>
               <effectiveTime value="20120807"/>
            </section>
         </component>
         <component>
            <section ID="i4i_OTC_Purpose_id_b29f23da-6a0f-4389-ad54-8e2c6186ff92">
               <id root="07768929-9eb0-4b5d-8e6e-294c49c203bc"/>
               <code code="55105-1" codeSystem="2.16.840.1.113883.6.1" displayName="OTC - PURPOSE SECTION"/>
               <title>Purpose</title>
               <text>
                  <paragraph>Upset stomach reliever</paragraph>
               </text>
               <effectiveTime value="20120807"/>
            </section>
         </component>
         <component>
            <section ID="i4i_indications_id_9e00c3e3-a872-4e27-974c-4158f10081f8">
               <id root="22088401-1615-4887-bc7f-570cd47175c9"/>
               <code code="34067-9" codeSystem="2.16.840.1.113883.6.1" displayName="INDICATIONS &amp; USAGE SECTION"/>
               <title>Uses</title>
               <text>
                  <list listType="unordered">
                     <item>
                        <caption>•</caption>relieves nausea due to upset stomach from intestinal flu, stomach flu, and food or drink indiscretions</item>
                  </list>
               </text>
               <effectiveTime value="20120807"/>
            </section>
         </component>
         <component>
            <section ID="i4i_warnings_id_84da1c6e-d298-4d5c-9fc7-270110878307">
               <id root="c4b4ce3b-dc05-4921-8867-f92a50213987"/>
               <code code="34071-1" codeSystem="2.16.840.1.113883.6.1" displayName="WARNINGS SECTION"/>
               <title>Warnings</title>
               <text>
                  <list listType="unordered">
                     <item>
                        <caption>•</caption>this product contains fructose and should not be taken by persons with hereditary fructose intolerance (HFI)</item>
                  </list>
               </text>
               <effectiveTime value="20120807"/>
               <component>
                  <section ID="i4i_OTC_Do_not_use_id_e59d41cc-8b9d-4751-b892-495cf5d79c49">
                     <id root="79ecfb80-256f-4ff3-9160-d3635e2a9384"/>
                     <code code="50570-1" codeSystem="2.16.840.1.113883.6.1" displayName="OTC - DO NOT USE SECTION"/>
                     <title>Do not use if you have</title>
                     <text>
                        <list listType="unordered">
                           <item>
                              <caption>•</caption>allergic reactions to any of the ingredients in this product</item>
                        </list>
                     </text>
                     <effectiveTime value="20120807"/>
                  </section>
               </component>
               <component>
                  <section ID="i4i_OTC_Ask_Doctor_id_3c9d057c-7eb0-4a11-a0ee-a17767470e7c">
                     <id root="35710ed7-3978-41f9-a204-9db110dff7c5"/>
                     <code code="50569-3" codeSystem="2.16.840.1.113883.6.1" displayName="OTC - ASK DOCTOR SECTION"/>
                     <title>Ask a doctor before use if you have </title>
                     <text>
                        <list listType="unordered">
                           <item>
                              <caption>•</caption>diabetes </item>
                        </list>
                     </text>
                     <effectiveTime value="20120807"/>
                  </section>
               </component>
               <component>
                  <section ID="i4i_OTC_Stop_Use_id_b39ec633-e56f-4727-9ac3-fbd8f90899b6">
                     <id root="33c975b0-7285-4155-9708-c856fae71037"/>
                     <code code="50566-9" codeSystem="2.16.840.1.113883.6.1" displayName="OTC - STOP USE SECTION"/>
                     <title>Stop use and ask a doctor if </title>
                     <text>
                        <list listType="unordered">
                           <item>
                              <caption>•</caption>symptoms persist, return or get worse </item>
                        </list>
                     </text>
                     <effectiveTime value="20120807"/>
                  </section>
               </component>
               <component>
                  <section ID="i4i_OTC_Pregancy_Breastfeeding_id_ec33c569-55f0-4fe4-a658-b2d2fa39435a">
                     <id root="b23ead5b-7bee-4378-86f6-38873ebb3de7"/>
                     <code code="53414-9" codeSystem="2.16.840.1.113883.6.1" displayName="OTC - PREGNANCY OR BREAST FEEDING SECTION"/>
                     <title>If pregnant or breast-feeding, </title>
                     <text>
                        <paragraph>ask a health professional before use.</paragraph>
                     </text>
                     <effectiveTime value="20120807"/>
                  </section>
               </component>
               <component>
                  <section ID="i4i_OTC_Keep_Away_Children_id_526db820-b9e0-499c-acbc-cd39f1100d8f">
                     <id root="8e2e7b17-0cae-400b-86c7-48d2b48ae183"/>
                     <code code="50565-1" codeSystem="2.16.840.1.113883.6.1" displayName="OTC - KEEP OUT OF REACH OF CHILDREN SECTION"/>
                     <title>Keep out of reach of children.  </title>
                     <text>
                        <paragraph>In case of overdose, get medical help or contact a Poison Control Center right away. (1-800-222-1222)</paragraph>
                     </text>
                     <effectiveTime value="20120807"/>
                  </section>
               </component>
            </section>
         </component>
         <component>
            <section ID="i4i_dosage_admin_id_ed426681-ffc2-43e5-9dcf-c3eb0f248388">
               <id root="e65e4e65-c47f-4b60-a191-dd384af6807f"/>
               <code code="34068-7" codeSystem="2.16.840.1.113883.6.1" displayName="DOSAGE &amp; ADMINISTRATION SECTION"/>
               <title>Directions</title>
               <text>
                  <list listType="unordered">
                     <item>
                        <caption>•</caption>for maximum effectiveness never dilute or drink fluids of any kind immediately before or after taking this product </item>
                     <item>
                        <caption>•</caption>adults and children 12 years of age and over: one or two tablespoons</item>
                     <item>
                        <caption>•</caption>children 2 to under 12: one or two teaspoons</item>
                     <item>
                        <caption>•</caption>repeat dose every 15 minutes or until distress subsides</item>
                     <item>
                        <caption>•</caption>do not take more than 5 doses in 1 hour without consulting a doctor.</item>
                  </list>
               </text>
               <effectiveTime value="20120807"/>
            </section>
         </component>
         <component>
            <section ID="i4i_storage_id_784565bc-74e7-43ee-9082-3497144cbc30">
               <id root="90f13ef1-74ae-45f1-9744-1f5e03cad099"/>
               <code code="44425-7" codeSystem="2.16.840.1.113883.6.1" displayName="STORAGE AND HANDLING SECTION"/>
               <title>Other information</title>
               <text>
                  <list listType="unordered">
                     <item>
                        <caption>•</caption>store at 20°-25°C (68°-77°F)</item>
                  </list>
               </text>
               <effectiveTime value="20120807"/>
            </section>
         </component>
         <component>
            <section ID="i4i_inactive_ingredients_id_1a32a01a-ca8f-451d-ad54-fe7172244e1c">
               <id root="e16e4a8a-bff9-4c1c-a3ef-f27f6a80cc1f"/>
               <code code="51727-6" codeSystem="2.16.840.1.113883.6.1" displayName="INACTIVE INGREDIENT SECTION"/>
               <title>Inactive ingredients</title>
               <text>
                  <paragraph>FD&amp;C red no. 40 aluminum lake, flavor, glycerin, methylparaben, purified water</paragraph>
               </text>
               <effectiveTime value="20120807"/>
            </section>
         </component>
         <component>
            <section ID="i4i_OTC_Questions_id_13431907-264b-4a6e-b8cd-3e1c4d130f48">
               <id root="f49e8aa3-d6a1-4789-8101-bae9a21598c1"/>
               <code code="53413-1" codeSystem="2.16.840.1.113883.6.1" displayName="OTC - QUESTIONS SECTION"/>
               <title>Questions or comments? </title>
               <text>
                  <paragraph>1-800-719-9260</paragraph>
               </text>
               <effectiveTime value="20120807"/>
            </section>
         </component>
         <component>
            <section ID="i4i_Principal_display_panel_id_e4211a52-0513-4995-b7d2-7d205eb9273c">
               <id root="330f9d96-21cb-4e22-895d-664ac3f21c6f"/>
               <code code="51945-4" codeSystem="2.16.840.1.113883.6.1" displayName="PACKAGE LABEL.PRINCIPAL DISPLAY PANEL"/>
               <title>Package/Label Principal Display Panel</title>
               <text>
                  <paragraph>Compare to the active ingredients of Emetrol®</paragraph>
                  <paragraph>anti-nausea liquid</paragraph>
                  <paragraph>dextrose (glucose) 1.87 g</paragraph>
                  <paragraph>levulose (fructose) 1.87 g</paragraph>
                  <paragraph>phosphoric acid 21.5 mg</paragraph>
                  <paragraph>for children and adults</paragraph>
                  <paragraph>relief for nausea due to upset stomach</paragraph>
                  <paragraph>cherry flavor</paragraph>
                  <paragraph>4 FL OZ (118 mL)</paragraph>
                  <renderMultiMedia ID="id1121954954" referencedObject="ID_86417d1e-ae62-443b-858a-db9a35709b34"/>
               </text>
               <effectiveTime value="20140102"/>
               <component>
                  <observationMedia ID="ID_86417d1e-ae62-443b-858a-db9a35709b34">
                     <text>Rite Aid Corporation Anti-Nausea Liquid</text>
                     <value mediaType="image/jpeg" xsi:type="ED">
                        <reference value="2f89cd35-0703-4534-8edc-4ac04309afdb-01.jpg"/>
                     </value>
                  </observationMedia>
               </component>
            </section>
         </component>
      </structuredBody>
   </component>
</document>