<?xml version="1.0" encoding="UTF-8"?><?xml-stylesheet href="http://www.accessdata.fda.gov/spl/stylesheet/spl.xsl" type="text/xsl"?>
<document xmlns="urn:hl7-org:v3" xmlns:xsi="http://www.w3.org/2001/XMLSchema-instance" xsi:schemaLocation="urn:hl7-org:v3 http://www.accessdata.fda.gov/spl/schema/spl.xsd">
   <id root="388b1a39-daa4-425f-96e1-1c96896c8d5f"/>
   <code code="34390-5" displayName="HUMAN OTC DRUG LABEL" codeSystem="2.16.840.1.113883.6.1"/>
   <title>Drug Facts</title>
   <effectiveTime value="20140102"/>
   <setId root="9742eb5a-7d00-47da-b801-afaefb339479"/>
   <versionNumber value="1"/>
   <author>
      <time/>
      <assignedEntity>
         <representedOrganization>
            <id extension="062312574" root="1.3.6.1.4.1.519.1"/>
            <name>CVS Pharmacy</name>
         </representedOrganization>
      </assignedEntity>
   </author>
   <component>
      <structuredBody>
         <component>
            <section>
               <id root="02bfcfb2-2e66-43b1-acfd-4983f3bdceab"/>
               <code code="48780-1" displayName="SPL LISTING DATA ELEMENTS SECTION" codeSystem="2.16.840.1.113883.6.1"/>
               <effectiveTime value="20140103"/>
               <subject>
                  <manufacturedProduct>
                     <manufacturedProduct>
                        <code code="59779-623" codeSystem="2.16.840.1.113883.6.69"/>
                        <name>Motion Sickness II</name>
                        <formCode code="C42998" displayName="TABLET" codeSystem="2.16.840.1.113883.3.26.1.1"/>
                        <asEntityWithGeneric>
                           <genericMedicine>
                              <name>Meclizine HCl</name>
                           </genericMedicine>
                        </asEntityWithGeneric>
                        <ingredient classCode="ACTIB">
                           <quantity>
                              <numerator unit="mg" value="25 "/>
                              <denominator unit="1" value="1"/>
                           </quantity>
                           <ingredientSubstance>
                              <code code="HDP7W44CIO" codeSystem="2.16.840.1.113883.4.9"/>
                              <name>MECLIZINE HYDROCHLORIDE</name>
                              <activeMoiety>
                                 <activeMoiety>
                                    <code code="3L5TQ84570" codeSystem="2.16.840.1.113883.4.9"/>
                                    <name>MECLIZINE</name>
                                 </activeMoiety>
                              </activeMoiety>
                           </ingredientSubstance>
                        </ingredient>
                        <ingredient classCode="IACT">
                           <ingredientSubstance>
                              <code code="3SY5LH9PMK" codeSystem="2.16.840.1.113883.4.9"/>
                              <name>ANHYDROUS LACTOSE</name>
                           </ingredientSubstance>
                        </ingredient>
                        <ingredient classCode="IACT">
                           <ingredientSubstance>
                              <code code="ETJ7Z6XBU4" codeSystem="2.16.840.1.113883.4.9"/>
                              <name>SILICON DIOXIDE</name>
                           </ingredientSubstance>
                        </ingredient>
                        <ingredient classCode="IACT">
                           <ingredientSubstance>
                              <code code="O8232NY3SJ" codeSystem="2.16.840.1.113883.4.9"/>
                              <name>STARCH, CORN</name>
                           </ingredientSubstance>
                        </ingredient>
                        <ingredient classCode="IACT">
                           <ingredientSubstance>
                              <code code="35SW5USQ3G" codeSystem="2.16.840.1.113883.4.9"/>
                              <name>D&amp;C YELLOW NO. 10</name>
                           </ingredientSubstance>
                        </ingredient>
                        <ingredient classCode="IACT">
                           <ingredientSubstance>
                              <code code="70097M6I30" codeSystem="2.16.840.1.113883.4.9"/>
                              <name>MAGNESIUM STEARATE</name>
                           </ingredientSubstance>
                        </ingredient>
                        <ingredient classCode="IACT">
                           <ingredientSubstance>
                              <code code="OP1R32D61U" codeSystem="2.16.840.1.113883.4.9"/>
                              <name>CELLULOSE, MICROCRYSTALLINE</name>
                           </ingredientSubstance>
                        </ingredient>
                        <ingredient classCode="IACT">
                           <ingredientSubstance>
                              <code code="AG9B65PV6B" codeSystem="2.16.840.1.113883.4.9"/>
                              <name>SODIUM STARCH GLYCOLATE TYPE A CORN</name>
                           </ingredientSubstance>
                        </ingredient>
                        <ingredient classCode="IACT">
                           <ingredientSubstance>
                              <code code="LMI26O6933" codeSystem="2.16.840.1.113883.4.9"/>
                              <name>ALUMINUM OXIDE</name>
                           </ingredientSubstance>
                        </ingredient>
                        <asContent>
                           <quantity>
                              <numerator unit="1" value="8">
                                 <translation code="C48542" value="8" displayName="TABLET" codeSystem="2.16.840.1.113883.3.26.1.1"/>
                              </numerator>
                              <denominator value="1"/>
                           </quantity>
                           <containerPackagedProduct>
                              <code/>
                              <formCode code="C43168" displayName="BLISTER PACK" codeSystem="2.16.840.1.113883.3.26.1.1"/>
                              <asContent>
                                 <quantity>
                                    <numerator unit="1" value="2">
                                       <translation code="C61569" value="2" displayName="BLISTER PACK" codeSystem="2.16.840.1.113883.3.26.1.1"/>
                                    </numerator>
                                    <denominator value="1"/>
                                 </quantity>
                                 <containerPackagedProduct>
                                    <code code="59779-623-16" codeSystem="2.16.840.1.113883.6.69"/>
                                    <formCode code="C43182" displayName="CARTON" codeSystem="2.16.840.1.113883.3.26.1.1"/>
                                 </containerPackagedProduct>
                              </asContent>
                           </containerPackagedProduct>
                        </asContent>
                     </manufacturedProduct>
                     <subjectOf>
                        <approval>
                           <id extension="part336" root="2.16.840.1.113883.3.149"/>
                           <code code="C73603" displayName="OTC MONOGRAPH FINAL" codeSystem="2.16.840.1.113883.3.26.1.1"/>
                           <author>
                              <territorialAuthority>
                                 <territory>
                                    <code code="USA" codeSystem="2.16.840.1.113883.5.28"/>
                                 </territory>
                              </territorialAuthority>
                           </author>
                        </approval>
                     </subjectOf>
                     <subjectOf>
                        <marketingAct>
                           <code code="C53292" codeSystem="2.16.840.1.113883.3.26.1.1"/>
                           <statusCode code="active"/>
                           <effectiveTime>
                              <low value="20131230"/>
                           </effectiveTime>
                        </marketingAct>
                     </subjectOf>
                     <subjectOf>
                        <characteristic classCode="OBS">
                           <code code="SPLCOLOR" codeSystem="2.16.840.1.113883.1.11.19255"/>
                           <value code="C48330" displayName="YELLOW" codeSystem="2.16.840.1.113883.3.26.1.1" xsi:type="CV"/>
                        </characteristic>
                     </subjectOf>
                     <subjectOf>
                        <characteristic classCode="OBS">
                           <code code="SPLIMPRINT" codeSystem="2.16.840.1.113883.1.11.19255"/>
                           <value xsi:type="ST">TCL086</value>
                        </characteristic>
                     </subjectOf>
                     <subjectOf>
                        <characteristic classCode="OBS">
                           <code code="SPLSCORE" codeSystem="2.16.840.1.113883.1.11.19255"/>
                           <value value="1" xsi:type="INT"/>
                        </characteristic>
                     </subjectOf>
                     <subjectOf>
                        <characteristic classCode="OBS">
                           <code code="SPLSHAPE" codeSystem="2.16.840.1.113883.1.11.19255"/>
                           <value code="C48348" displayName="ROUND" codeSystem="2.16.840.1.113883.3.26.1.1" xsi:type="CV"/>
                        </characteristic>
                     </subjectOf>
                     <subjectOf>
                        <characteristic classCode="OBS">
                           <code code="SPLSIZE" codeSystem="2.16.840.1.113883.1.11.19255"/>
                           <value unit="mm" value="9" xsi:type="PQ"/>
                        </characteristic>
                     </subjectOf>
                     <consumedIn>
                        <substanceAdministration>
                           <routeCode code="C38288" displayName="ORAL" codeSystem="2.16.840.1.113883.3.26.1.1"/>
                        </substanceAdministration>
                     </consumedIn>
                  </manufacturedProduct>
               </subject>
            </section>
         </component>
         <component>
            <section ID="LINK_b9079cd9-e8e2-4e2d-b0d6-fef8a3c5907b">
               <id root="ebfe27a3-d97c-4fd1-8b4f-621973948e3c"/>
               <code code="55106-9" codeSystem="2.16.840.1.113883.6.1" displayName="OTC - ACTIVE INGREDIENT SECTION"/>
               <title>Active ingredient (in each tablet)</title>
               <text>
                  <paragraph>Meclizine HCl 25 mg</paragraph>
               </text>
               <effectiveTime value="20140102"/>
            </section>
         </component>
         <component>
            <section ID="LINK_f304e1f1-2fb9-4bbf-adf6-49135dd40546">
               <id root="104bbd5e-bf64-4ebc-b520-34e5bb22b15d"/>
               <code code="55105-1" codeSystem="2.16.840.1.113883.6.1" displayName="OTC - PURPOSE SECTION"/>
               <title>Purpose</title>
               <text>
                  <paragraph>Antiemetic</paragraph>
               </text>
               <effectiveTime value="20140102"/>
            </section>
         </component>
         <component>
            <section ID="LINK_15b747cf-407b-4572-ba30-1ab197ccba1d">
               <id root="13d97b16-eb63-49d5-9c43-bb5a77db1e37"/>
               <code code="34067-9" codeSystem="2.16.840.1.113883.6.1" displayName="INDICATIONS &amp; USAGE SECTION"/>
               <title>Uses</title>
               <text>
                  <paragraph>for the prevention and treatment of nausea, vomiting, or dizziness associated with motion sickness. </paragraph>
               </text>
               <effectiveTime value="20140102"/>
            </section>
         </component>
         <component>
            <section ID="LINK_1c91fc70-5f31-46e9-80fd-1b0042f85845">
               <id root="050d3575-f349-423d-8eab-df672f8e2fec"/>
               <code code="34071-1" codeSystem="2.16.840.1.113883.6.1" displayName="WARNINGS SECTION"/>
               <title>Warnings</title>
               <effectiveTime value="20140102"/>
               <component>
                  <section ID="LINK_e446361c-ba86-48aa-9ed8-85f5af992ad0">
                     <id root="ddd3a7bd-68ad-4fbf-8949-0ccca830b3ed"/>
                     <code code="50570-1" codeSystem="2.16.840.1.113883.6.1" displayName="OTC - DO NOT USE SECTION"/>
                     <title>Do not use</title>
                     <text>
                        <paragraph>for children under 12 years of age unless directed by a doctor.</paragraph>
                     </text>
                     <effectiveTime value="20140102"/>
                  </section>
               </component>
               <component>
                  <section ID="LINK_196695ad-a57b-4d7f-b4d0-0bfce573fec5">
                     <id root="f333e5ef-81ed-4b43-a774-9e59095bf820"/>
                     <code code="50569-3" codeSystem="2.16.840.1.113883.6.1" displayName="OTC - ASK DOCTOR SECTION"/>
                     <title>Ask a doctor before use if you have</title>
                     <text>
                        <list listType="unordered" styleCode="Disk">
                           <item>a breathing problem such as emphysema or chronic bronchitis 
</item>
                           <item>glaucoma 
</item>
                           <item>difficulty in urination due to an enlargement of the prostate gland</item>
                        </list>
                     </text>
                     <effectiveTime value="20140102"/>
                  </section>
               </component>
               <component>
                  <section ID="LINK_20d0740a-3c3b-4ca0-8bcd-5ec7b92160a5">
                     <id root="ebb67084-c7ad-4875-8e8b-e16a8ce79ab1"/>
                     <code code="50568-5" codeSystem="2.16.840.1.113883.6.1" displayName="OTC - ASK DOCTOR/PHARMACIST SECTION"/>
                     <title>Ask a doctor or pharmacist before use if you are</title>
                     <text>
                        <paragraph>taking sedatives or tranquilizers.</paragraph>
                     </text>
                     <effectiveTime value="20140102"/>
                  </section>
               </component>
               <component>
                  <section ID="LINK_a60926ed-8113-4fb4-8c6b-62d088951c52">
                     <id root="3dc5d4e6-bb90-46dc-a469-59013df931cd"/>
                     <code code="50567-7" codeSystem="2.16.840.1.113883.6.1" displayName="OTC - WHEN USING SECTION"/>
                     <title>When using this product</title>
                     <text>
                        <list listType="unordered" styleCode="Disk">
                           <item>drowsiness may occur 
</item>
                           <item>avoid alcoholic beverages 
</item>
                           <item>alcohol, sedatives, and tranquilizers may increase drowsiness 
</item>
                           <item>use caution when driving a motor vehicle or operating machinery</item>
                        </list>
                     </text>
                     <effectiveTime value="20140102"/>
                  </section>
               </component>
               <component>
                  <section ID="LINK_8e8d0b99-3739-4b9a-a697-2094786cc7b1">
                     <id root="2b7d570f-697e-4492-ad5c-e84f96f38932"/>
                     <code code="53414-9" codeSystem="2.16.840.1.113883.6.1" displayName="OTC - PREGNANCY OR BREAST FEEDING SECTION"/>
                     <title>If pregnant or breast-feeding,</title>
                     <text>
                        <paragraph>ask a health professional before use.</paragraph>
                     </text>
                     <effectiveTime value="20140102"/>
                  </section>
               </component>
               <component>
                  <section ID="LINK_0831fede-38ff-4e45-8f3a-8aaaa1da3f5d">
                     <id root="b237cf50-020f-4edf-810c-3b6299971b69"/>
                     <code code="50565-1" codeSystem="2.16.840.1.113883.6.1" displayName="OTC - KEEP OUT OF REACH OF CHILDREN SECTION"/>
                     <title>Keep out of reach of children.</title>
                     <text>
                        <paragraph>In case of overdose, get medical help or contact a Poison Control Center right away.</paragraph>
                     </text>
                     <effectiveTime value="20140102"/>
                  </section>
               </component>
            </section>
         </component>
         <component>
            <section ID="LINK_e6f2e390-c315-4774-a1a7-237f286d96c7">
               <id root="e769224f-bc3b-4a70-9b66-ea87632cc119"/>
               <code code="34068-7" codeSystem="2.16.840.1.113883.6.1" displayName="DOSAGE &amp; ADMINISTRATION SECTION"/>
               <title>Directions</title>
               <text>
                  <list listType="unordered" styleCode="Disk">
                     <item>to prevent motion sickness, the first dose should be taken 1 hour before starting activity</item>
                     <item>adults and children 12 years and over: 1 to 2 tablets once daily, or as directed by a doctor 
</item>
                     <item>do not exceed 2 tablets in 24 hours </item>
                  </list>
               </text>
               <effectiveTime value="20140102"/>
            </section>
         </component>
         <component>
            <section ID="LINK_e2ff5bf1-eee3-4658-b4fd-8ccd016f5e76">
               <id root="08cc15e3-862c-44a1-a214-889a684a99fd"/>
               <code code="44425-7" codeSystem="2.16.840.1.113883.6.1" displayName="STORAGE AND HANDLING SECTION"/>
               <title>Other information</title>
               <text>
                  <list listType="unordered" styleCode="Disk">
                     <item>store at room temperature 20º-25ºC (68º-77ºF)</item>
                  </list>
               </text>
               <effectiveTime value="20140102"/>
            </section>
         </component>
         <component>
            <section ID="LINK_e0b1944b-1e24-4dfd-ba69-72bfc8b7aeb1">
               <id root="bd14172e-7c07-41bd-ba38-0f3e364a9629"/>
               <code code="51727-6" codeSystem="2.16.840.1.113883.6.1" displayName="INACTIVE INGREDIENT SECTION"/>
               <title>Inactive ingredients</title>
               <text>
                  <paragraph>anhydrous lactose, colloidal silicon dioxide, corn starch, D&amp;C yellow #10 aluminium lake, magnesium stearate, microcrystalline cellulose, sodium starch glycolate</paragraph>
               </text>
               <effectiveTime value="20140102"/>
            </section>
         </component>
         <component>
            <section ID="LINK_c77460ca-10ef-48ca-b087-016ca4433bde">
               <id root="43f8a248-ebe4-48fc-89fb-15a3fe8cc4e0"/>
               <code code="53413-1" codeSystem="2.16.840.1.113883.6.1" displayName="OTC - QUESTIONS SECTION"/>
               <title>Questions or comments?</title>
               <text>
                  <paragraph>Call <content styleCode="bold">1-877-753-3935 Monday-Friday 9AM-5PM EST</content>
                  </paragraph>
               </text>
               <effectiveTime value="20140102"/>
            </section>
         </component>
         <component>
            <section ID="LINK_580d6dfa-ef9c-485d-afc9-598c2a028813">
               <id root="87da00ba-eb0e-4ae3-b787-ef1afc064d8d"/>
               <code code="51945-4" codeSystem="2.16.840.1.113883.6.1" displayName="PACKAGE LABEL.PRINCIPAL DISPLAY PANEL"/>
               <title>Principal Display Panel</title>
               <text>
                  <paragraph>Compare to the active ingredient in Dramamine® Less Drowsy Formula*</paragraph>
                  <paragraph>
                     <content styleCode="bold">
                        <content styleCode="italics">MOTION SICKNESS II</content>
                     </content>
                  </paragraph>
                  <paragraph>
                     <content styleCode="italics">LESS DROWSY FORMULA</content>
                  </paragraph>
                  <paragraph>MECLIZINE HYDROCHLORIDE TABLETS / ANTIEMETIC</paragraph>
                  <paragraph>Prevents up to 24 hours of motion sickness</paragraph>
                  <paragraph>Protection with less drowsiness</paragraph>
                  <paragraph>TABLETS (25 mg EACH)</paragraph>
                  <paragraph>*This product is not manufactured or distributed by Prestige Brands, Inc., owner of the registered trademark Dramamine® Less Drowsy Formula.</paragraph>
                  <paragraph>
                     <content styleCode="bold">Distributed by: CVS Pharmacy, Inc.</content>
                  </paragraph>
                  <paragraph>One CVS Drive, Woonsocket, RI 02895</paragraph>
                  <paragraph>CVS.com</paragraph>
                  <paragraph>
                     <content styleCode="bold">TAMPER EVIDENT: DO NOT USE IF CARTON IS OPENED OR IF BLISTER UNIT IS TORN, BROKEN OR SHOWS ANY SIGNS OF TAMPERING.</content>
                  </paragraph>
                  <paragraph>
                     <content styleCode="bold">KEEP OUTER CARTON FOR COMPLETE WARNINGS AND PRODUCT INFORMATION.</content>
                  </paragraph>
               </text>
               <effectiveTime value="20140102"/>
            </section>
         </component>
         <component>
            <section ID="LINK_4d7de9c7-033b-455b-96e4-e325c70bb264">
               <id root="0e05b8be-36aa-4d12-80b3-8b04ef33c553"/>
               <code code="51945-4" codeSystem="2.16.840.1.113883.6.1" displayName="PACKAGE LABEL.PRINCIPAL DISPLAY PANEL"/>
               <title>Product Label</title>
               <text>
                  <renderMultiMedia referencedObject="MM1">
                     <caption>CVS Motion Sickness II Tablets</caption>
                  </renderMultiMedia>
               </text>
               <effectiveTime value="20140102"/>
               <component>
                  <observationMedia ID="MM1">
                     <text>Meclizine HCl 25 mg</text>
                     <value xsi:type="ED" mediaType="image/jpeg">
                        <reference value="meclizine-hcl-yellow-tablet-1.jpg"/>
                     </value>
                  </observationMedia>
               </component>
            </section>
         </component>
      </structuredBody>
   </component>
</document>